segment_id,time_to_eruption
1000213997,11090537.0
100023368,19244468.0
1000488999,18486510.0
1001028887,19109526.0
1001857862,13076922.0
1003310246,11651128.0
1003545497,17499726.0
1004288653,18816524.0
10044968,9172556.0
1005166812,5478559.0
1005502784,18660688.0
1005767712,10708092.0
1005985933,13018832.0
1006013726,20426680.0
1006026494,12332134.0
1006540019,19067238.0
1007067208,17026956.0
1007233480,20720124.0
100741545,20962360.0
100781580,10529280.0
1008031106,5168851.5
1008453141,7397057.5
1008467020,10593163.0
1008990702,14668604.0
100924436,8688515.0
1009570124,5977008.0
1010782837,13845929.0
101092507,14219741.0
1010943716,7225380.0
1011004896,4813690.0
101110196,17471166.0
1011275894,20525498.0
1013422575,15603370.0
1013765862,13122773.0
1014679633,25656540.0
1016115878,16157260.0
1016184206,12085321.0
1017230048,19831380.0
1017425206,10531780.0
101767110,16382350.0
1017793579,12321998.0
1018339787,6085710.0
1018415836,20774642.0
1018835959,19609682.0
1019822001,2278116.5
1020904533,16779206.0
1021766991,10624884.0
1022303057,7247810.0
1022564826,7360946.0
1022792201,29768390.0
1022920538,16900398.0
102293055,15998495.0
1023129837,15368003.0
1023178939,14864644.0
1024202315,19306808.0
1025034217,17961280.0
1025592404,15853684.0
1026104909,11103035.0
1026215164,5931494.0
1026330044,5971975.5
1026893635,18163994.0
1027015334,12325848.0
1027196270,16879202.0
1027492850,11018672.0
1028291376,1445301.0
1028734549,9082894.0
1028909050,20318356.0
1028936480,14122706.0
1030142029,18348660.0
1030502977,11185695.0
1031020617,10820536.0
1031159375,20291768.0
1031162177,20510232.0
103255324,19499386.0
1033010545,16287144.0
1033712814,20434440.0
1034145574,7854711.5
1034149150,21721036.0
1034495604,18682288.0
1034575439,29502814.0
1034661081,10013455.0
1036359163,18977968.0
1036419067,13858316.0
1037409111,12603676.0
1037457727,33167722.0
1037866071,10111376.0
1037870582,17787612.0
1038229705,10198057.0
1038561162,18379882.0
1038795212,14137675.0
1039022988,18973582.0
1039467390,12951263.0
1040926190,24642132.0
1041238096,2143543.8
1042404145,20363668.0
1042683102,13849957.0
1042872766,20439806.0
1042966293,22715238.0
1044132676,4971022.0
1044145499,16511232.0
1044572708,13018912.0
1044918875,16567531.0
1044919243,18085828.0
1045961446,4255689.5
1046125885,3057196.5
1046298092,16272734.0
1047440176,11754952.0
1047553323,12474583.0
1048071171,6032645.0
1049029417,5785305.0
1049179883,19507636.0
1049458669,33530564.0
1049490456,10067502.0
1049718151,11108245.0
10500324,11150821.0
1051297459,17481824.0
1051723909,15722858.0
1052096870,8071769.0
105231979,5184130.5
1052598935,19408932.0
1053288769,5917042.5
1053506000,8871463.0
1053709012,10959304.0
1054155456,17076808.0
1054183033,13579168.0
1055110288,19183974.0
1055280734,17932918.0
1055292020,13560975.0
105565188,13661579.0
1055715186,18279336.0
1056283823,14415274.0
1057143322,2739498.8
1057565195,18563096.0
1057891675,14812588.0
1058184184,15723168.0
1058754098,20743510.0
1058988926,16175797.0
1060658700,1942305.8
1060731119,16940412.0
1060942736,5146707.0
1060953646,16996090.0
1061777512,16569992.0
1063352576,18627352.0
1063492083,20176416.0
1064227773,18486128.0
1065071029,17817736.0
1065179054,17661218.0
106530242,20537690.0
106558646,237157.25
106685184,9644920.0
1066858964,17505140.0
106705133,12483235.0
1067398856,3318535.0
1067885278,18035772.0
1067970,13452584.0
1068098496,17091460.0
1068298311,318003260.0
1068515581,15022324.0
1069211376,21048320.0
1071550768,13794866.0
1071673479,137035.69
1071727846,18137540.0
1072278088,17064402.0
1072995306,6453405.5
1074297431,18505918.0
1074331622,10477578.0
107456883,19395290.0
1074855139,17378082.0
1075283470,16376076.0
1075411242,10433598.0
1075732342,14950000.0
1076096350,22445986.0
107666202,13597862.0
1077472023,16656987.0
1079683965,3764343.0
1079951835,18443746.0
1080323153,7128166.5
1080844241,17416064.0
108203668,18896352.0
108213146,13442976.0
1082262945,1886477.6
1082864378,18826524.0
1083707533,11505022.0
108403661,4409027.0
1084397983,16944110.0
1084431292,17547592.0
1084581069,18089082.0
1085038607,6054412.5
1085084497,14229469.0
1085229280,13924539.0
1085510648,11458758.0
1085881951,19148434.0
1085882007,9027811.0
1085910515,18304032.0
108610409,18482450.0
1086569026,5445625.5
1086820883,9142440.0
1086962283,11108955.0
1087163936,13063609.0
108734762,8129909.0
1087612350,16934804.0
1087681649,15034643.0
1088360907,5993444.5
108885370,2796677.5
1088867007,20502482.0
1089106361,15803095.0
1089622428,21603626.0
1089767427,18233552.0
108980580,24420886.0
1091470526,14553681.0
1091631666,4015178.0
1091745945,2497986.0
1092124990,16936420.0
1092555354,16713625.0
109341864,15758985.0
1094588886,215881400.0
1094824382,14133121.0
1095039261,12531066.0
1095263306,9938591.0
1096077505,20185620.0
1096565436,8943258.0
10968059,10250479.0
1097472544,10650636.0
109822679,9187439.0
1099056611,18561850.0
1099388776,2744390.5
1099472249,16142153.0
1099564840,18382822.0
1100048277,15022108.0
1100276687,16015126.0
1100541264,4732536.0
110077966,18206292.0
1101672261,9171251.0
1102273593,9094329.0
1102402906,13664751.0
1102541950,19510402.0
1102809614,20389244.0
1102814669,17818142.0
1103082804,22188152.0
1103286910,8575946.0
1103368940,20644698.0
110350278,20312960.0
1103540935,3333566.0
110368744,8852446.0
1104014396,1304381.8
110406323,16838260.0
1105331011,18605498.0
1105982863,27078016.0
1106241100,20239530.0
1106563471,13953648.0
1107289052,19542656.0
1107461160,17194662.0
110836519,12264480.0
1108430240,21328700.0
110897870,19162988.0
1110364836,21787488.0
1111519643,17936720.0
1112589641,19814862.0
1112725405,8972149.0
1114166998,19275464.0
1115292010,17757774.0
1116004069,8707893.0
1116487834,12548151.0
1117004656,19850098.0
1117136867,11404937.0
1117195616,12290070.0
1117947416,20964322.0
1118238925,9553400.0
111846917,17631918.0
1118482512,14962082.0
1118815295,9523330.0
1118878688,5980590.5
1119261733,9806682.0
1119530134,15488780.0
1119629515,17567484.0
1120000702,17291890.0
112044852,16974334.0
1121880142,20654620.0
1122235886,19199516.0
1122555066,21120850.0
1122574109,19382562.0
1123664964,20074412.0
1124294151,15886198.0
1125699550,19757608.0
1126221533,15937894.0
1126641381,16690872.0
1126757306,14855288.0
1126796520,18371096.0
1126811259,12067570.0
1127832368,18801968.0
1128226922,10454458.0
1128498225,23065320.0
1129027163,20673054.0
1129221340,1217254.6
1130257145,6883065.0
1130720014,11230775.0
1131027065,6654354.0
1131427620,16025188.0
1131523873,17220656.0
1132295917,17980476.0
1132486761,19202470.0
1133082361,7883758.0
1134509383,22146154.0
1134521236,30132062.0
1134779082,12023520.0
1134883832,19855358.0
1135419607,15659772.0
1136836722,20420962.0
1138013832,8599566.0
113804746,16580650.0
1138064736,18028354.0
1138211675,12020538.0
1138486916,259541.89
1138681044,16545495.0
1138720460,12101727.0
1138882964,18380396.0
113905839,9863196.0
1139237569,14709070.0
1139538400,13271032.0
113967173,19137090.0
1140820511,8679625.0
1140974500,19333144.0
114150551,17549096.0
1141520169,12976575.0
1143001734,18049716.0
1143047042,8716594.0
1144429601,21711986.0
1144656675,21596682.0
1145920557,17097674.0
1145967559,10486747.0
1146131621,9166939.0
1147881605,20602586.0
1148019708,33877636.0
1148541354,13682985.0
1148886023,20255292.0
115061644,10461497.0
115078097,10201280.0
1151049976,18958382.0
1151284420,14785012.0
1151324021,13673460.0
1151780520,21397070.0
1151992282,16553336.0
1152013551,23293492.0
1152212686,8689278.0
115221470,19429522.0
1152668140,19397716.0
1153463658,11733522.0
1153586106,13429024.0
1154474865,23450754.0
1155876159,21772834.0
1156025460,27125824.0
1156133043,535341.06
1156478311,9803912.0
1156548075,12647724.0
1156784512,6788256.0
1156966312,7191457.0
1157350549,15039285.0
1157443909,12411420.0
1157809969,14847150.0
1158664242,43797540.0
1159089979,8030264.5
1160053013,9338676.0
1160686668,11287214.0
1160906376,19486942.0
1161198334,11268857.0
1162694155,13541098.0
1162779364,5081663.5
116365849,18352742.0
116412859,18464218.0
1164570156,16723796.0
1164715267,23791602.0
1164876923,19961866.0
1164894495,20592830.0
1164972263,7644339.5
1165406994,14341384.0
1165584264,10725296.0
1166172413,1150764.1
1166895244,18020206.0
116714199,11103430.0
1167639431,19766362.0
1167794399,19663440.0
1168308277,15108787.0
1168445787,18239622.0
116873459,11279372.0
116932311,17488892.0
1169334826,18487102.0
1169693633,27005700.0
1169771634,12675750.0
1170310305,22322050.0
1170579868,3527843.8
1170773819,10186074.0
1172563804,9903504.0
1173152518,20979088.0
1173279604,19966054.0
1173338218,5913500.0
1173516975,17805298.0
1174872667,19259608.0
1175203365,10386913.0
1175487443,6111211.0
1176993573,15480122.0
1177210685,16369786.0
1177454800,53187600.0
117774602,19457432.0
1177765216,10845373.0
1178028129,12992940.0
1178264982,20297230.0
11785683,21949412.0
1178816469,13496560.0
1179315785,9326965.0
1179497817,20242124.0
1179944784,16483273.0
1179960916,2904270.5
1180454807,15947234.0
1181120822,14111302.0
1182519191,21740658.0
1182614734,14502521.0
118297093,15430512.0
1183225535,4801388.0
1183600513,10816817.0
1183713026,11395320.0
1184105273,8891928.0
1184367501,10358095.0
1184815546,15916146.0
1185025081,11374131.0
1185534283,9637133.0
1185885556,18728190.0
1186834536,16147780.0
1187497833,18816630.0
1188079800,11497843.0
1188186067,14055745.0
1188231063,21305612.0
1188467144,5594134.5
1189196490,10600202.0
1189198101,11852428.0
1189882633,17995990.0
1190040870,17321756.0
1190219966,15045543.0
1191879879,19330908.0
1193115461,17466310.0
1193187793,4211459.0
1194642850,18104280.0
1194958720,930543.06
119542887,18315266.0
119569312,19827120.0
1195836508,3333466.2
1195892797,18057026.0
1196305060,2234098.2
1196386464,16575186.0
1196398313,11059384.0
1196810623,5910884.5
1196813450,15872480.0
1197090770,17109624.0
1197154274,18013980.0
1197328245,19097496.0
1197569463,34422104.0
1198404856,19525074.0
1199075201,19089520.0
1199480876,2256391.5
1200859428,7379278.0
1201893930,17238098.0
1201963444,22519178.0
1202160868,11059765.0
1202189440,20228020.0
1202750543,20536302.0
1202918770,13793847.0
1202937149,20745664.0
1203069519,9896404.0
120316657,27133564.0
1203373488,12369792.0
1204016583,8704384.0
1204128117,16426446.0
120454717,17678418.0
1204737237,3351610.5
1205091053,19613314.0
1205814686,1216889.0
1206024018,18521312.0
1206424468,13977618.0
1206756635,170915.34
1208065896,19996862.0
1208252310,20156580.0
1208345452,16031981.0
1208430866,9850466.0
1208675647,12959488.0
1208691081,12636894.0
1208693295,14573915.0
120889622,63912540.0
1209606062,8341484.0
1209790776,15530250.0
1209871661,8057889.0
1210342871,14123290.0
1210515418,8226042.0
1210587430,17194392.0
121085860,19241142.0
1211230421,7267051.0
1212010438,16183914.0
1212038117,17588070.0
1212393638,15178222.0
1212871042,14256926.0
1213127443,16033736.0
1213666714,11859582.0
1213765725,18537112.0
1214044895,9284079.0
1214397068,6326181.0
1214512952,17905160.0
121475135,13597174.0
1215991037,14766025.0
1216072355,15049968.0
1216317941,14972130.0
1217410402,21617798.0
1217791119,14055214.0
1217958703,16532096.0
1218603542,18249562.0
121911992,11482869.0
1220297658,15296130.0
122051198,15721729.0
1220917059,1377204.8
1221258426,11772897.0
1221362931,14034894.0
1221381426,6747635.0
1221406995,14329429.0
1221742539,36798332.0
1222133853,7678251.0
1222630615,18859966.0
122338420,214587.81
1224205322,19546484.0
1224736611,5932974.5
1224847193,13273692.0
1225450532,21874314.0
1225520998,12634648.0
1225673768,9417375.0
1225840812,5084112.0
1226855510,9846136.0
1227089589,13377250.0
1227183385,15607166.0
1227712146,18475664.0
1227918139,12148634.0
1228233821,20425318.0
1228313403,3281647.0
1229009812,19088144.0
1229431653,502857.72
1229460419,18822892.0
1229817590,16706977.0
1230316532,16694075.0
1230560682,17180696.0
1230621880,25694434.0
12309827,12954416.0
1231226440,8581843.0
1231697079,16238546.0
1231863231,5414199.5
1232186307,10672314.0
1232310261,13262477.0
1232747090,19266112.0
1233060596,16351906.0
123334209,20613914.0
1233647449,18735490.0
1234678578,4687102.0
1234833384,3841005.5
1235576648,11242472.0
1236374724,13066609.0
1237182936,14803388.0
1237264265,19969554.0
1237489984,22754128.0
1237986882,20482136.0
1238101011,9208281.0
1238654489,21874716.0
1239295802,7783905.0
1240184920,111165.055
1240454739,16172471.0
1240523415,16086073.0
124066139,18313560.0
124328628,19028090.0
1243449859,10552045.0
1243513614,21827138.0
1243704000,5441898.0
1244408534,6577050.0
1244455578,16475197.0
1244480043,8913913.0
124472978,19475336.0
1244975691,5703745.5
1245849000,20620444.0
1245928502,7059193.0
1246132974,21624576.0
1246200476,17627636.0
1246951286,10031105.0
1247221245,2978214.8
12479934,16584146.0
1249055479,8374497.5
1250068289,12062777.0
1250716365,977276.4
1251107473,19217148.0
1251617657,6726768.0
1251709691,8205101.5
1251949974,13090726.0
1252094896,8972916.0
1252411470,4195417.5
1252611069,17622190.0
1252816216,12386090.0
1253194264,7430626.5
125372216,23741974.0
1254351455,14024730.0
1254516631,1011834.6
125491337,12751241.0
1255059548,19600684.0
1255398321,15299578.0
1256099564,12743748.0
1256445965,9934199.0
1256468646,18429912.0
1256728657,12329084.0
1257383754,21648716.0
1257421212,15062327.0
1257915194,5627748.0
1260137433,8283986.0
1260653598,7713643.0
1261276830,25661182.0
1262162310,17676782.0
126243235,12645019.0
1262638334,12779783.0
126292191,12958520.0
1263184114,14926180.0
1263186436,10010583.0
1263652588,17733332.0
1264252775,17736002.0
1264402606,16164831.0
1264405485,18895096.0
1265147,5535993.5
1265410353,16482506.0
1265787223,17835092.0
1266205757,17962984.0
1266853094,15003800.0
1267527309,13550370.0
1267843838,20342498.0
1268690857,9142870.0
1269542859,19850008.0
1270927994,18058870.0
1271131167,20281584.0
1272815573,240146.86
1273060998,7998584.5
1274209772,15208764.0
1274283106,8252373.5
1274360676,10412961.0
1274887758,17732214.0
1275399938,18371862.0
1275413550,12877340.0
127549365,20096784.0
1276338,29908468.0
127685374,739454.44
1277130036,17649606.0
1277779429,18214898.0
1277997835,14026850.0
1279207185,10065696.0
1279452497,17678730.0
1279922883,2596924.0
1280326574,13749354.0
1281123698,12010878.0
1281132907,7119200.0
1281187412,11762321.0
1281617406,74342850.0
1281716818,17441212.0
1282090367,19086666.0
1282708307,18404414.0
1282984514,25547668.0
1283139706,18893942.0
128322819,10414770.0
1283350450,17949004.0
1283948299,12472037.0
128415011,574929400.0
1284551049,12769927.0
1284692270,18823956.0
128473770,992218.0
128534378,7677352.0
1285815102,13216966.0
1287137774,278147.2
1287599105,16432748.0
128760129,17465192.0
1288024296,19825064.0
1288083028,17201476.0
1288164725,138455.0
1288235950,10930794.0
1289291739,14510820.0
1289430353,8580179.0
1289817070,18940784.0
1290135368,15422138.0
129024523,14693388.0
1290851559,11864425.0
1291664322,5592945.5
1291843132,16640582.0
129209722,8781506.0
1292224522,21875436.0
1292953870,20336612.0
1293152996,30022808.0
1293280118,18967828.0
12941029,19070428.0
1294349518,8287475.0
1294404640,18720328.0
1294425641,13518148.0
1294498545,15235970.0
1294967747,22163162.0
1295122573,12633648.0
1296026079,15232427.0
1296158394,12437867.0
1296378285,13524256.0
1296616398,19718236.0
1296705698,14989326.0
1297979214,19291464.0
129821472,12719619.0
1299169709,24186406.0
1299437625,15344289.0
1299619501,9818930.0
1300752555,19545154.0
1301030900,13368387.0
1301700701,12224139.0
1301915877,12200518.0
1302063280,19076388.0
130210548,3426581.2
13022798,6340233.0
1302388192,16735917.0
1302631485,16047680.0
1302863623,15766485.0
1303008801,13396806.0
130333675,8129089.0
1303545427,10195808.0
1304019786,14651692.0
1304076841,450947.03
1304946705,19451028.0
1305851255,18970570.0
1305945063,19705094.0
1306118272,5363108.0
1306242007,18288912.0
1307673564,1565026.5
1308361192,14704588.0
1308712772,16369383.0
1308811067,16112033.0
1308854999,21696798.0
130896653,17741340.0
1309569449,14889131.0
1309590666,19536490.0
1310168063,19982666.0
131090356,11713777.0
1311553769,7547870.5
1311908023,3904667.5
1312106331,14681920.0
1312332530,17870576.0
1312603078,5604755.5
1312731404,16726445.0
1313426874,488626.22
1314123130,14679273.0
1314512504,22478392.0
1315244095,18637952.0
1315470937,11285239.0
1315982675,19162012.0
1316186762,20131052.0
1316204196,13628690.0
1316609064,8670958.0
1316644727,111911000.0
1317306670,11844852.0
1317882125,15234782.0
1318012271,16156558.0
1318147806,15766618.0
1319168929,12771220.0
1319689782,14270960.0
1320127499,16772608.0
1320635088,17980552.0
1321225096,17546306.0
1321624749,1100821.5
1321696706,22644808.0
1321858818,17610422.0
1322512722,6663594.5
132297482,26393880.0
1323927568,6113288.0
1324100857,20152104.0
1324381186,19539432.0
1325213280,17943358.0
1325850373,5602491.5
1326205055,16447516.0
1327493309,6931903.0
1327774555,8566149.0
1328322443,13957029.0
1328802193,5561149.0
1329023921,17265716.0
1329259932,7815978.0
1329772894,8255622.5
1330314744,1182943.8
1330753679,14197858.0
1331009800,21702324.0
1331215036,21577514.0
1331804527,17398176.0
1332537675,15095865.0
1333013176,30417024.0
1333323193,6836116.5
1333513152,19562918.0
1333545021,19782346.0
1333811033,10518457.0
1333992399,12199255.0
1334762914,16935582.0
1335281249,15160774.0
1335443111,12719765.0
1335544887,17255304.0
1335592412,10048781.0
1336360883,15034825.0
1336389594,12033109.0
1336810376,18955872.0
1336932904,7030693.5
1337078502,16194713.0
1337120960,18428758.0
134044657,12968701.0
1340521330,18975188.0
1340593979,18182352.0
1341207041,7813032.0
1341714481,17562040.0
1342868804,18353038.0
1343063973,16482709.0
1343502374,26239228.0
1343567386,10249588.0
1343811983,15817460.0
1344008167,19993062.0
1344448641,21427818.0
1344586253,14175554.0
1344716673,14838412.0
1345065235,17674212.0
1345245728,159814.66
1345654845,16490063.0
134590404,18422672.0
1346237879,9361739.0
1347503350,14252177.0
1348208306,28419070.0
1349180719,9700450.0
1349669233,19900734.0
1350435525,13466685.0
1350879005,20570538.0
1351186604,7799747.0
1351632859,31802484.0
1351904166,10268989.0
1351961112,15650050.0
1351998743,9538137.0
1352181090,22424058.0
1353473193,12709401.0
1354044881,15619509.0
1355862692,8757552.0
1356007766,18825560.0
1356168880,9719318.0
1356327004,10425656.0
135642091,9165618.0
1356918776,13301896.0
135705762,1317950.2
135816064,24395568.0
1358830044,19156578.0
1358974205,13352666.0
1359002610,11195927.0
1359515169,11078406.0
1360170550,17497504.0
1360300646,16305895.0
1360326854,8898512.0
1360402311,24242488.0
1360466594,18903092.0
1360733521,13975101.0
1361016026,13658079.0
136155089,18150816.0
1362292428,11652657.0
1362716105,13534130.0
1362822131,22975180.0
136297561,12113580.0
1362989536,1428866.1
1363462618,7705523.0
1363565700,9500022.0
1363797837,12244054.0
1364983245,24444114.0
136533490,12789019.0
1365951335,3826996.0
1365998277,16737786.0
1366879861,749816.6
13669521,15159699.0
1366978345,6523497.0
1367860644,13501569.0
1368305183,18954568.0
1369498051,18441258.0
1369759542,3732480.5
1369958580,11303973.0
1370551843,19368752.0
1370772080,9179482.0
1370908966,13583505.0
1370980885,25915950.0
137125909,21029580.0
1371289079,23408150.0
1371295798,21940222.0
1372148138,17943074.0
1372668436,16879842.0
1372939585,17378382.0
1373056245,5684570.0
1373412871,16395633.0
1373525850,231090.16
1373993427,16462690.0
1374720335,16583554.0
1375899592,1596204.6
137703328,17936926.0
1377072367,15802967.0
1377245819,16722500.0
1378327367,20279944.0
1378437661,9645570.0
1378554226,9656951.0
1378707340,20153680.0
1379155774,11244211.0
1379169508,7672260.5
1379539742,15356440.0
1379768967,18792218.0
1379824798,10329474.0
1380132238,7277355.0
1380260777,18620430.0
1380303573,17802660.0
1380675396,19111952.0
1381448451,8548748.0
1381499723,5808704.0
1381951281,11441644.0
1382153721,9495566.0
1382419218,11660027.0
1383201916,9990581.0
1383490675,19199618.0
1383643471,33101140.0
1383916122,17155230.0
1383943962,11164352.0
1384017339,10257049.0
1384184338,8175010.0
1384490774,490167.44
1384646559,17516026.0
1385238075,194777.66
1386193754,19610852.0
1386787318,16869508.0
1386819002,19099348.0
1387075985,7758673.0
1387313935,21273178.0
1387535498,25015996.0
1388113614,10859323.0
1388340073,17608546.0
1388664511,18734672.0
1388805125,10324721.0
138905402,13127594.0
139000518,10880290.0
1390844290,6549075.5
1391972105,17639932.0
1392908532,3448125.0
1393112843,20618122.0
1393113906,15387824.0
1393464846,20732334.0
139364004,17318662.0
1393977864,17137012.0
1394501149,7078111.5
1394944877,14887273.0
1395855517,16796834.0
1397101285,7033434.5
1397632023,8327621.0
1397934669,5938208.0
1398288110,16825780.0
1400163337,5823937.0
1401190092,30043450.0
1401260814,16656554.0
1401453180,8737268.0
1401492851,16732870.0
1402110978,22884804.0
1402939665,21240326.0
1403784174,9232370.0
1403887773,21470532.0
1404157831,19810388.0
1404653895,19740370.0
1404725415,299430.0
1404894128,1539276.9
1405352188,11081072.0
1405357357,17881278.0
1406423940,14601966.0
1406712191,14167845.0
1407885779,1572623.8
1408309593,19746266.0
1408309914,25544058.0
1408381258,14107628.0
1408809043,19026594.0
1409034985,14817776.0
140908408,16715121.0
1409352707,5472902.0
1409795448,7646895.0
1409812663,15706714.0
1409819982,21575434.0
1409834623,18305234.0
1410465004,18611666.0
1410469104,19815540.0
1410622800,1724248.0
1411261124,17433302.0
1411320904,9077478.0
1413109088,8486236.0
1414827062,8829978.0
1415551121,15572582.0
1415878840,17124818.0
1415911189,22401212.0
1415947776,14763680.0
1415985021,16899238.0
1416188445,7133299.0
1417213302,17297226.0
1418151207,17553834.0
1418346061,11990024.0
1418743667,9190928.0
1419737241,19362406.0
1420713001,13743510.0
1420849171,21224022.0
1421347320,895512.6
1421504701,18757700.0
1422080351,19460724.0
1422189334,14017174.0
1422990242,28195956.0
1423045565,17887104.0
1423495308,20313408.0
1424594455,3974717.0
1424878708,18782216.0
1426139538,17786080.0
1426419707,15416708.0
1428366870,24852934.0
1428421503,19959020.0
1428678345,10915808.0
1428779146,7594786.0
1428927390,3206193.8
1429007187,4058196.2
1429282372,13520092.0
142954907,1099908.0
143054339,19273556.0
1430680793,54498430.0
143086312,8791719.0
1430964180,17391876.0
1430990548,22233236.0
1431269886,20550218.0
1431785815,13937206.0
143218394,6955516.5
1432243469,11636546.0
1432892145,16256630.0
1432933730,16583966.0
14329699,15952267.0
1433376354,13869901.0
1433691788,16392944.0
1434403193,143523.95
1434791325,10020687.0
143490047,88231870.0
1435121390,15349227.0
1435328513,15350134.0
1435630017,19205970.0
1436142023,17260422.0
1436482509,4984878.5
1436859218,19328798.0
1438500383,8539766.0
1438829721,13322464.0
1439043900,11766530.0
1439119226,13071260.0
1439182190,615371.3
1439521782,17450830.0
1439676215,22760130.0
1440669915,19151114.0
1440786471,20896184.0
1440793807,20418400.0
1440936021,16639360.0
1441087922,7556634.0
144171772,18325288.0
1441784238,17421424.0
1441883863,9172967.0
1441922145,6121967.0
1442380919,15691787.0
1442677643,17019768.0
1442757180,23189756.0
1442977400,13249500.0
1443195965,11950412.0
1444787435,17123980.0
1445218225,9923304.0
14464594,16249254.0
1446997687,17011458.0
1447365896,8994044.0
1449001100,19457792.0
1449650059,9538647.0
1449737778,14398590.0
1450458672,12140840.0
1451467100,17087328.0
1451735209,9358764.0
1452361658,16353968.0
1452379811,10880537.0
1452861350,18645932.0
145452470,16871362.0
1454539032,20884688.0
1454574812,19165456.0
1454666803,10136875.0
1455018552,6623096.0
1455182484,16752787.0
145520060,17008820.0
1455356970,11207486.0
145715195,17381368.0
1458455285,4009311.8
1458603236,5659064.0
1458936125,19010926.0
1459243003,12273860.0
1459246056,17559942.0
1460070291,32765204.0
1460169620,13145373.0
1460569717,15158040.0
1461203988,17225274.0
1461864942,14511009.0
1462225246,25368706.0
1462703823,17254792.0
1462817998,14625654.0
1463170775,18389230.0
1463760928,17185056.0
1464067272,12047738.0
1464195846,20855618.0
1464514902,8787392.0
1464708932,16658719.0
1465034134,22235788.0
1465451180,16891106.0
1465861460,23851644.0
1466277585,12897377.0
1466336547,7805467.0
146639315,19701484.0
1466475920,23850634.0
1466552052,12148754.0
146707180,773911.75
1467315489,262052.47
1467504794,13420206.0
1467774105,138964.62
1467926978,15813345.0
1468498855,254091.94
1468756529,22916070.0
1468837100,19686018.0
1469204842,15961598.0
1469397484,13836035.0
1470490836,16704481.0
1471965451,22023608.0
147247985,6776649.0
1472570933,9888953.0
1473178642,18403640.0
1473251410,4609675.5
1473643009,28611408.0
1473837408,19130332.0
1474802,10285246.0
147575332,19206150.0
1476140509,12677500.0
1477932383,16795962.0
1478935003,5706947.0
1478952559,10346225.0
1478980435,15217046.0
1479056032,19477178.0
1479278993,18351846.0
1479662815,5932301.5
147999969,18684406.0
1480015090,13417231.0
148026391,179336.69
1482745022,17148510.0
1483015352,5618585.5
148410925,9819128.0
1484715800,16574049.0
1485059126,16973620.0
1485202068,16580026.0
1485243196,25540332.0
1486005454,16087686.0
1486161499,18543182.0
1487039870,17152926.0
1487875108,17791676.0
1488207903,10498781.0
1488818130,14512494.0
1488897987,19998002.0
1489045165,16797084.0
1489524392,33157156.0
1489736180,20121388.0
1490288364,11173856.0
1490288902,6782700.5
1490625839,15343704.0
1490651570,19789024.0
1490897298,24271024.0
149171657,13065978.0
1491755263,9673663.0
1491892661,1515696.5
1492918944,7343635.5
1493463657,17552824.0
1493878265,15800392.0
1494913704,9952370.0
1494979825,13153796.0
1495228614,9400930.0
1496209271,15870507.0
1496403230,17498294.0
1496431582,20491342.0
1496818965,15304584.0
1497112088,17610126.0
1497690655,12799214.0
1497910262,9840617.0
1498112374,20514912.0
1498169227,1088166.2
1498186855,8069051.0
1499101002,14468156.0
1499334485,9710285.0
1499664523,15446600.0
1500504787,21559674.0
150118880,13650602.0
1501373094,17985152.0
1501992544,13175000.0
1502235439,12218296.0
1502579060,19373310.0
1502922499,17301412.0
1503406074,9317445.0
1503432444,2309633.5
1504136393,29959408.0
1504335188,17236528.0
1505394276,10878761.0
1507234262,15130558.0
1507486833,16164263.0
1508068557,21476814.0
1508148479,14120697.0
150829925,26276950.0
1508354345,13202084.0
1508472508,17884690.0
1508618122,18566874.0
1508620001,10945601.0
1508977923,18730846.0
150927985,19010894.0
1510354639,13945335.0
1510914490,21131352.0
1510993504,8549129.0
1511322652,17895696.0
1511962884,12109770.0
1512838723,8123385.0
1512850495,17776460.0
151287602,14119635.0
1512952666,11890549.0
1513024405,16311059.0
1513150371,23831860.0
1513205058,23024266.0
1513799265,15320684.0
1514310552,13389307.0
1515153743,36662020.0
1515393570,12341884.0
1515398187,7791054.0
1515410962,10214368.0
1516521442,13721503.0
1516995529,18171152.0
151713753,9109765.0
1517727396,16623979.0
151860794,14690972.0
1518628,17516930.0
1518950329,20714060.0
1520168665,6078670.0
1520337338,13560639.0
1520411749,6916831.0
1520491105,14306998.0
1520792821,17063090.0
1521747050,17390616.0
1522018871,8995861.0
1522299531,19786876.0
1522696687,20301856.0
1523028462,20545952.0
1523056472,17666876.0
1523815176,18557990.0
1523816365,23252220.0
1524065031,21654704.0
1525514359,17460496.0
1525673866,17458474.0
1525718774,19723832.0
1525895247,18438104.0
1526710922,12374439.0
1527135891,20098978.0
1527754900,189346.34
1529987878,6550170.0
15300104,25803580.0
1531401673,18103796.0
1532305303,19848750.0
1532453604,11741131.0
1532574065,2248435.0
1532618037,16533931.0
1533170890,12404485.0
1535753001,244500.5
1536013291,22173496.0
1536554162,15335124.0
153701520,19179912.0
1537295793,11335450.0
1537612792,6333283.5
1538419481,19565472.0
1538735914,9364948.0
1538838475,20250222.0
1539063785,20736872.0
1539077803,18380798.0
1539121708,17906594.0
1539317937,18776424.0
15394025,14307431.0
1540321364,14690330.0
1541403568,18368142.0
1541594952,14091259.0
154166047,20261342.0
1542174621,19463524.0
1542688402,14001958.0
1542854880,19231866.0
1543187222,14819444.0
1543337964,4932009.0
1544649896,12726624.0
1545376775,4239541.5
1545502551,8522464.0
1545726270,22430238.0
1546030151,16284788.0
1546335052,10992166.0
1546987078,8821586.0
1547132498,12155489.0
1547383980,7537039.0
1548275506,20287400.0
1548384292,20873564.0
1548807993,704856600.0
1549569005,7991513.0
1549752262,14205671.0
1549969321,17020868.0
1550073112,1773021.1
15501420,18941116.0
1550321694,10919772.0
1550488966,3075184.5
1551124200,8981428.0
1551955168,16700691.0
1554262431,17023804.0
1555003570,270306.88
1555358776,17682310.0
155607716,16823272.0
1556749829,15014720.0
1558011585,14091324.0
1558111862,14321534.0
1558388215,8932006.0
1559382509,6665496.5
1560371932,18925604.0
1560596813,18751642.0
1560979740,1672638.8
1561964580,5119888.0
1562930353,10650930.0
1563551205,362922.88
1564077863,10395774.0
1564610733,20137418.0
1564773163,17405918.0
1565659681,15035148.0
1565917267,17050472.0
1566091785,219565.11
156617626,11819991.0
1567215159,18833606.0
1567240868,2159265.5
1567987915,19016376.0
156923482,14249018.0
1569292827,15642070.0
1569586027,12559710.0
1570294420,21938102.0
1570996551,11102084.0
1571629834,16348616.0
1571989859,14385256.0
1572077556,7795090.5
1572313523,21673610.0
1573265064,9773571.0
1574093529,2994200.5
1574658840,20086032.0
1575193398,12948319.0
1575699398,14222135.0
1575838105,13144924.0
1575878213,5726732.0
1576075401,18507240.0
1576476901,16506871.0
1576583373,1881608.5
1577081676,13768794.0
1577342554,9891725.0
1577749325,17491928.0
1578003606,21740152.0
1578058220,14087929.0
1578211263,13302202.0
1578389721,24402138.0
1580349042,17471428.0
1581008259,6435123.0
1581277867,20739730.0
1581661244,19218342.0
1581911837,17278400.0
1582641302,5597776.5
1583049009,185235.33
1583469297,13347469.0
1583575125,11352217.0
1584275682,12441614.0
1584525412,15641594.0
1585175837,13315715.0
158600441,25015346.0
1586020132,9744479.0
1588262518,9507939.0
1588391099,5191260.0
1588680127,15925524.0
1589054049,15999151.0
1589504167,20145140.0
1589536656,19920426.0
1589815086,17626236.0
1589818388,17232312.0
1590107406,24183460.0
1590896438,14755211.0
1591270263,14185143.0
1591896245,16306712.0
1592028463,13068847.0
1592142915,19268216.0
1593073950,18190488.0
1593670014,18995026.0
1594680718,17201564.0
1596032191,19280060.0
1596975846,7743660.5
1597037969,26291870.0
159728104,9243255.0
1597972696,12563345.0
1598413478,5297745.0
1598640111,18681426.0
1599199896,12707926.0
1599535626,6195404.0
1600289088,13173855.0
1600786919,16309574.0
1601182773,2687166.0
1601435645,10337129.0
1602223918,13621374.0
1602905225,15521176.0
160304623,15751788.0
1603564643,428207.75
1604075745,15374034.0
1604682698,280116.94
1604827486,275326.4
1604997608,556147.6
1605583525,9461702.0
16056728,14536467.0
1606256479,21502228.0
1606735239,9630917.0
1607839214,2461462.2
1608162606,16694598.0
1608936559,20230266.0
1609335109,16223237.0
1609533346,17028674.0
1610679388,9154563.0
1611086980,20106276.0
1611412719,14384712.0
1611903434,14253704.0
1612001071,21455372.0
1612378786,12736001.0
1614449749,25754940.0
1615434918,17567352.0
1615579402,12191277.0
161634165,5135635.5
1617349975,14766632.0
1617513368,17544780.0
1618392128,20660174.0
1618625554,17116252.0
1618925523,19273186.0
1619163114,19758670.0
1619221407,12224952.0
1619860105,16263692.0
1619916038,10077824.0
1620285867,4304019.0
1620428700,11554360.0
1620546331,15893463.0
162074135,9301167.0
1620780544,26669404.0
1621385832,10719816.0
1621723918,15176778.0
1623317210,17414034.0
1623442846,22920234.0
1623956255,9556209.0
1623999136,18454162.0
1624345201,15803506.0
1624372288,9749073.0
162470245,17952350.0
162473826,15974213.0
1624946114,17724480.0
1625034248,29545540.0
162519695,19472072.0
1625745624,19859590.0
1626202772,4476482.0
1626915631,21371310.0
1627335941,7750757.0
1628179902,13571524.0
1628229717,13273686.0
1628413179,13715891.0
1629408654,20828312.0
1629483578,15551191.0
1629630320,17499914.0
1629689447,1585695.5
1629811500,17331848.0
1630776219,10662374.0
1631086595,3426036.8
1631468294,20489308.0
1631711806,19912640.0
1632100990,18908836.0
1634285282,20135426.0
1634326347,24836324.0
1634360802,5550720.0
1634424569,14877337.0
1634480723,8400393.0
163451209,17927268.0
163476947,18829058.0
1635784610,18605176.0
1636010620,18186482.0
1636236422,14205320.0
1636839556,18299646.0
1637566181,18355212.0
1639452758,3264144.8
1639567332,442285.9
1639902716,20669914.0
1640268888,6707933.0
1641830703,2674698.5
1641954963,6151343.0
1643809761,13167211.0
1644590740,5729052.5
1644658450,41342656.0
164485476,17268816.0
1644902098,10150665.0
1645190894,13573123.0
1645642446,20977758.0
1646024876,24223768.0
1646955799,16327561.0
164704160,7964133.0
1647300577,19526880.0
1648296438,12735175.0
1648696068,6350264.5
1648788779,17839976.0
1648850145,6646388.0
1648874386,6884090.0
1649389583,19665220.0
1649578950,6788694.0
1649903157,20165086.0
1651389423,8351471.5
1651583380,16494614.0
1651774395,11846102.0
1652980170,18347562.0
1653291955,33942144.0
1654870677,17070658.0
1655275723,20879064.0
1655348994,11418517.0
1655475911,17552132.0
1656259852,22058888.0
1656399146,12331818.0
1656925167,12509414.0
1657320721,17054744.0
1657929016,12708104.0
1657968878,20060512.0
1658078764,17663430.0
1658184508,15297653.0
1658596830,23081186.0
1659335465,9833054.0
1659962584,12825130.0
1660244527,11907105.0
166025874,20789950.0
1660602691,20189114.0
1660661980,22131928.0
1660799803,20287462.0
1661154530,18286664.0
1661430557,16952034.0
1661524777,674173.7
1661526202,13577146.0
1661638929,19312930.0
1661763697,4590117.5
1662173870,21789228.0
1662268738,16753460.0
1662687419,17246348.0
166359850,15848219.0
1663794609,14407145.0
1664392747,5175307.0
1665260315,15881885.0
1665388352,21283480.0
1665430610,6654506.0
1665520868,8049471.0
1666964510,15309980.0
1667198396,8984938.0
1668010195,18872600.0
1668145206,18259800.0
1670185458,17218392.0
1671252065,16941396.0
1671609576,26625592.0
1672768888,16734158.0
1673268347,16091730.0
1673625048,23793104.0
1674295644,16688047.0
1675650279,20621012.0
1676614556,12356205.0
167710205,15189966.0
16772170,16671622.0
1677283833,4511695.0
1677800417,23254706.0
167894616,13981906.0
1679874568,15668107.0
1680042910,16490384.0
1680431277,13937826.0
168061802,19287152.0
1681004836,16478990.0
1681182451,22681208.0
1681527450,17257994.0
1681633280,9688758.0
1682023828,838654.6
1682147975,10046398.0
1682484424,17252920.0
1682593981,13019412.0
1683132366,18560244.0
1683302272,1368890.9
1683825449,10727333.0
1684089827,14834591.0
168418573,8396320.0
1684326948,14617595.0
1684933908,21414394.0
1685019931,19191608.0
1685242429,10829130.0
1686360114,7497076.0
1686946930,17165054.0
1687509482,22225714.0
168767737,14995589.0
1689485714,10526557.0
168971389,12650942.0
1690036617,20577502.0
1690103774,11969745.0
1690638243,454058.88
1691469020,18322064.0
1692142371,17360498.0
1693072720,20595948.0
1693143731,15289076.0
169373282,15794200.0
1693921711,12974833.0
1694030992,18967588.0
1694575431,10531540.0
1695242036,27669192.0
1695279540,17820234.0
1695338074,18526108.0
1695946599,14604798.0
1696258620,17857140.0
1696996524,2795309.8
1697079567,18812404.0
1697222465,6738794.5
1697657827,5233018.5
1697785095,9098126.0
169780169,17655966.0
1698542566,18029768.0
1699141889,12405732.0
1699258551,17288638.0
1699600971,1069647.1
1699815038,22527424.0
1699926293,17043144.0
1699985892,16796914.0
1700066296,6600445.0
1700782638,17839768.0
1701344440,12078384.0
170141525,11414755.0
170304451,16671152.0
170324231,9228877.0
1703389207,17522808.0
1703579897,16381901.0
1703761748,9362252.0
1705645428,20135328.0
1706108287,34553030.0
170636008,21906014.0
1706429174,19622656.0
1706429422,1927779.5
1706528456,2722648.5
1706713696,7676003.0
1706899314,15813907.0
1707876109,9969577.0
1708616629,13211426.0
171128613,19737486.0
1711387065,17605418.0
1711679486,19766336.0
1712287962,17276254.0
1713060234,14692906.0
1713718675,5110011.0
1715044834,11748362.0
1715364070,17844994.0
1715364074,16313438.0
1715443472,13204786.0
1715557437,406340.4
1715687089,10038355.0
1715793101,504997.94
1716034916,20459466.0
1716347823,11897640.0
1716526774,8102863.0
1716645489,19674166.0
1716969091,28838610.0
1717221114,13490840.0
171737219,11077400.0
1717415379,339789.38
1717484811,22105602.0
1717798416,17289388.0
171810378,30129920.0
1719235086,15781370.0
1719245626,3511829.5
1719433737,12953024.0
1719597797,11736632.0
1719726780,36975304.0
1720208457,15006438.0
1720253120,7210660.0
1720293161,15161544.0
1720454415,13583942.0
1720670372,11102612.0
1720735340,7869224.0
172079595,14381115.0
1721503729,20171924.0
172176256,20742462.0
1721991763,18600528.0
1722509757,10007485.0
1722759514,12704360.0
1723032775,19377684.0
1723087216,16088370.0
1723127195,16651824.0
1723316358,20215708.0
1723515721,18786198.0
1723732316,9743953.0
1723776969,6208513.0
1724289263,16882230.0
1724299406,18749312.0
1726121040,7848789.5
1726323286,13942447.0
1726812579,12265434.0
1727827807,18590746.0
1728660440,13174432.0
1729926080,9243331.0
1731066898,18941846.0
1731714122,23149088.0
1732695189,2956686.8
1733209033,11081969.0
1733596939,10381402.0
1733612481,19431590.0
1733911532,11127081.0
1734295674,22516732.0
1735813288,16401752.0
1735819387,3024949.0
173596008,17742318.0
1736527312,18420060.0
1736532886,15863790.0
1736854089,17239474.0
1736887256,15483924.0
173709392,17302254.0
1737668345,3090796.8
1738403576,18880414.0
1738764422,18545358.0
1739802388,43762960.0
1740328011,18462582.0
1740823378,17508330.0
1741209207,10667431.0
1741955384,16236013.0
1743369462,20321948.0
1743489729,17626226.0
1743555255,13346883.0
1743644366,9525059.0
1744142334,20796136.0
174440162,12272461.0
1744568592,15043622.0
1745740570,24169612.0
174632671,15078579.0
1746627122,10997764.0
174665938,23952410.0
1747740263,6437521.5
1747934768,10004437.0
1748740759,18258030.0
1748860795,20003700.0
1748955950,11156991.0
1749512862,14106777.0
1749998093,15623922.0
1750605999,11234646.0
1750651686,17996454.0
1750993698,107106.945
1751148179,20154610.0
1751474541,19588066.0
1751562628,20980000.0
1751929672,17731050.0
175210054,19218910.0
1752203871,14332496.0
1752478532,2499411.0
1753268302,3459812.5
1754092095,9218758.0
175496162,17314756.0
1755540451,17684434.0
1755887993,20972666.0
1755961125,16646796.0
1756609825,12392060.0
1756765333,15512905.0
175688626,19297302.0
1757430442,6128200.5
1757773372,5111902.0
1757905171,13481686.0
1757957502,19503000.0
1757976565,19264952.0
1758074328,18807844.0
1758611649,20042408.0
1759099392,21758010.0
1759406556,16602706.0
1759818483,14127916.0
1760522040,11349291.0
1760560295,18896030.0
1760782229,17311068.0
1761888205,11906915.0
176208627,17104478.0
1762452214,65873896.0
1762520288,20324844.0
1762800686,14510573.0
1763620369,10792036.0
1763883518,13956050.0
1764135151,13162160.0
1764657278,18482108.0
1765523027,16390417.0
1765653499,21246246.0
176610965,20040554.0
1766443401,19928874.0
1766534340,18940402.0
1767292193,18086182.0
1767607190,15085509.0
1767609008,17770888.0
1768119102,8755586.0
1768985902,18072612.0
1769065012,18808932.0
1769298661,13429707.0
1769476908,8555830.0
1769603534,20363834.0
1769646417,246028.84
1769799537,10627111.0
1770019322,1742180.0
1770106786,13580686.0
177172682,16739460.0
1772505459,19943004.0
1773683784,16915472.0
1773949014,6535650.0
1774723599,16081620.0
1775136122,16034970.0
177550234,19566134.0
1775647481,19452928.0
1775801651,1283879.9
1775813844,3884319.0
1776451314,245314.72
1776691317,18344822.0
1776713737,11283087.0
1777396091,12505756.0
1779391530,13830300.0
1779689959,8647284.0
1780386598,8167534.5
1781467903,16120377.0
1781550495,2800655.5
1781647655,11851872.0
1781778742,19050626.0
1782053877,15581963.0
1782769219,20806284.0
1783227362,16269180.0
178388505,12710122.0
1783998777,19842078.0
1784654137,17250710.0
1785316234,13713596.0
1786190716,16753333.0
1786373879,19084354.0
1786546007,21389562.0
1787166170,17324866.0
1788115924,19148128.0
1788257639,4543726.0
1788393935,1194290.9
1788462973,15222133.0
1788475055,26424860.0
1789035596,9844479.0
1789379263,9885968.0
1789674628,14362627.0
1790237967,17674946.0
179172057,17387820.0
1791796685,8742729.0
1791813636,19240302.0
1791845986,17086228.0
1792156909,12594639.0
1792246519,17505936.0
1792578983,19161228.0
179274595,9732856.0
1793124953,11853538.0
1793159751,14738996.0
1793898002,18590552.0
1794463173,16508111.0
1794819627,12623553.0
1794934646,8156335.5
1795292478,11225692.0
1795338519,16773924.0
179557243,15928037.0
1795671462,17296040.0
1795904391,13114475.0
179602059,17232522.0
1796325099,6737145.5
1796633847,17991784.0
1797486117,10900562.0
1797680186,18276558.0
179779377,15206699.0
1798318472,14582453.0
1798616699,13435499.0
1798763550,7444049.0
1799121124,19819318.0
1799317581,12342167.0
1799700929,8445792.0
1800167155,15042894.0
1800755038,16990344.0
1801472008,8394958.0
1802083169,14389576.0
1803024456,7427379.0
1803649716,19574362.0
1804722097,4306884.0
1805163148,9289963.0
180533806,17346014.0
1806062532,6652621.5
1806978810,18472938.0
1807322886,25918908.0
180780074,19206516.0
1808333342,15320518.0
1808636333,13694352.0
1809434679,5790094.0
1809643885,21622712.0
1810181081,14462427.0
181020879,19604622.0
1810569276,1648539.2
1811138058,21568754.0
1811447173,7369032.5
1811597681,13723652.0
1811799403,15394617.0
1812243383,17666924.0
1812530029,13209240.0
18127665,18213706.0
1812973892,1975602.8
1813996452,5684456.5
1814163394,14794354.0
1814395807,17742644.0
1814422403,18944176.0
1815679485,13503484.0
1815898226,19729802.0
1816130376,10252440.0
181652593,19294502.0
1816632503,15585075.0
1817132723,21519968.0
1817257889,9914018.0
1818084116,14720980.0
1818783494,14253777.0
1819063548,19101370.0
1819304269,16706924.0
1820656773,20042416.0
1821157338,5215005.0
182217869,593981.75
1823143377,17207608.0
1824108386,15303578.0
1824522400,13204589.0
1824572000,27791378.0
1824945831,13079470.0
18251110,22504068.0
1825538395,20784782.0
182597807,6714745.5
1826374500,24607678.0
182643837,4357991.5
1826449212,15339650.0
1826501432,18892370.0
1826711868,14360991.0
1828778344,19463006.0
1828920318,7621044.0
1829212447,9693870.0
1829317537,16907652.0
1830620007,14952946.0
1831234213,25926622.0
1831669972,18178076.0
1831684091,707233.5
1831908817,14053175.0
1832071910,18986830.0
1832091009,18916892.0
1832426496,17132656.0
1833056456,28959576.0
1834871313,13283377.0
1835005464,17181240.0
1835067453,13741251.0
1835099392,16854840.0
1835455190,11864365.0
1835564874,20177770.0
1835654817,9569327.0
1836284955,776889.4
1836428949,13486793.0
1836595133,17767204.0
1837119233,8569674.0
1838224308,158505.58
1838686470,14086125.0
1838711796,11386166.0
1839299575,16233734.0
1839726831,3167532.8
1839790504,18558024.0
184072039,15976570.0
1841216352,12380943.0
1841261584,16165203.0
1841507406,12173606.0
1841591861,16313739.0
1842229161,19304004.0
1843093978,9841561.0
1843142280,11528745.0
1843620759,14892688.0
1843632563,18015416.0
1843833141,19816610.0
1844551215,4975009.0
1844739598,15910940.0
1845121712,18562152.0
1845769876,7174658.5
1846684619,18718942.0
1846840995,33670788.0
1847968967,14284158.0
1849119005,13394783.0
1849317504,18790556.0
1850082750,11225686.0
1850210479,14669341.0
1850591968,31213066.0
1851032672,18313604.0
1851161121,7929793.0
1851390140,9967912.0
1851898052,16543774.0
1852767260,20158498.0
1853223684,647299.6
1853276328,11844761.0
1853859222,9664041.0
1854335056,15376705.0
1854574855,6176629.5
1854887250,18107918.0
1855064415,18802452.0
1855661855,18024558.0
185567792,13417800.0
1855826168,7193518.0
1855935175,13407468.0
1856167517,8847366.0
1856417656,23122108.0
18571830,11278211.0
1857763337,10841341.0
1858289655,18556232.0
1859064021,16647830.0
1859988202,18070498.0
1860710944,15601360.0
1861285891,3797177.5
1861660050,17488648.0
1862166743,12709214.0
1862271399,20394666.0
1862435137,3343054.0
1863453539,8725520.0
1863501017,22488218.0
1863760997,10598890.0
1864620519,17798580.0
18648159,8229368.5
1865504994,10645347.0
1865633574,4712498.0
1865737747,19674100.0
18657417,69629640.0
1865843606,19423536.0
1865913355,16492882.0
1866698002,13185560.0
1867486262,19777666.0
1867686081,7774909.0
1868044102,14667322.0
1868055015,14671958.0
1868929278,23381470.0
1870037465,15966336.0
1870454237,9950152.0
1870701794,20550780.0
1871043808,14051731.0
1871191112,12077586.0
1871968542,15064888.0
1872192743,12898748.0
1872198951,4814315.0
1872225344,16918922.0
1872804096,22152806.0
1873270781,6794716.0
1874004596,546880.0
1875657758,11784038.0
1876671297,17709494.0
1876949337,18515632.0
1878582672,9804415.0
1878733954,14263606.0
1878896337,11708497.0
1878955525,20111158.0
1878970870,13613892.0
1879087982,20000726.0
1879296448,7843874.0
1880040804,6987884.0
1880204801,16226740.0
1880398218,2673711.8
1880583834,14316503.0
1880939208,16536307.0
1881764531,20237042.0
1882712565,18601232.0
188273373,20042960.0
1882911072,17088312.0
1882922899,10691166.0
1883441517,19184830.0
1884723388,21145040.0
1884798253,8634789.0
1884830819,8982142.0
1885439679,9096117.0
1886082746,16601506.0
1886132728,17678968.0
1886518658,9341431.0
1886807659,15057157.0
188702805,12138568.0
1889513659,13217992.0
1890758946,16672951.0
1891060441,6671191.5
1891540960,19336688.0
189170487,9826194.0
1892420880,13473382.0
1892458643,14929772.0
1892613199,14123526.0
1893038040,9010248.0
1893068646,16696936.0
1894753062,11656229.0
1895468753,21769094.0
1896442715,2963401.5
1897667816,18624382.0
1897950727,19811244.0
1898096379,20135524.0
1898489833,15784383.0
1898739617,17297934.0
1899472468,14820348.0
1899800878,9815658.0
1901160328,15893112.0
1901341944,15850926.0
1901451204,16789062.0
1901468420,17519888.0
1901510262,13391096.0
1902781091,17952926.0
1903117847,16908228.0
1903754009,19346268.0
1903980729,19411794.0
1904636663,2309536.8
1905116359,17844262.0
1905595447,18605066.0
1905774586,20113816.0
1905853958,19906968.0
1906018481,12424858.0
1906047568,21162116.0
1906128718,17010004.0
1906382584,17828748.0
190677969,14429054.0
1907774691,6502038.0
190780422,18653672.0
1909294870,123602500.0
1909648876,8325167.0
1910060762,12619698.0
1910316118,17512080.0
1914551582,2798431.8
1915120001,16726590.0
19158067,10191154.0
191585691,5029992.0
1916098264,13743698.0
1916256571,13174006.0
1916359061,20678348.0
1916369926,2250524.0
1917116333,20702476.0
1917179195,16412306.0
1917587480,12321568.0
191762753,8883685.0
1918223103,20311368.0
1918985323,8328928.5
1919474054,12697991.0
1919798312,16040614.0
1920366592,19098054.0
1921190791,15494923.0
1921235346,10389607.0
1921309861,18359340.0
192155472,2132971.0
1922746186,6083702.0
1922928795,17864360.0
192314279,15205446.0
192366411,13460330.0
1923797563,13897408.0
1924495284,17016484.0
1924743413,15591510.0
1924922539,8631181.0
1925239253,15335926.0
1925624997,20456220.0
1925715598,13946127.0
1926320424,11161419.0
1926480333,18278258.0
1927139239,12868283.0
192728586,16083152.0
192793377,15758842.0
1928407573,12456896.0
1928431667,10087980.0
1929164473,20222048.0
1929846898,12617000.0
19300115,17374702.0
1930072891,16175100.0
1930350882,23106202.0
1930910492,19102874.0
1931003368,5117285.5
1931054738,15824539.0
193133108,15798703.0
1932085211,19687292.0
1932357263,14604262.0
1932507138,28545484.0
1932557349,18693686.0
1933620335,13546335.0
1934275056,28202428.0
1934424239,21182136.0
1934879177,10578332.0
1935350799,17612724.0
1935360274,18232634.0
1935843871,63881616.0
1935868295,15644574.0
1935914168,1324335.5
1936195722,15229943.0
1936300233,19989122.0
1937030026,7273555.5
1937446779,19064138.0
1937507851,11129412.0
1937614327,20057592.0
193843079,19074852.0
1938733247,15766309.0
1938936784,17822226.0
1939361933,19316538.0
1940128942,15023122.0
1940173727,6621360.0
1941149175,16276338.0
1941203214,29112572.0
1941854038,18372352.0
1942313227,3094780.0
1944222041,18334860.0
1944298104,13370342.0
1944510494,17423890.0
1944643290,19833116.0
1944707401,15196908.0
1945751257,1036053.25
1945820116,18877854.0
1945849426,17908848.0
194733581,14984785.0
1947346004,19434434.0
1947956760,8090219.5
1948750016,8137760.5
194876550,20728912.0
1948972482,17453642.0
1949686553,17254306.0
1950701043,19774788.0
1951039615,7689152.5
195176937,4321759.0
1952535138,22613064.0
1952582653,16321759.0
1952721373,12245099.0
1952931081,16043630.0
1953138312,20929336.0
1953257627,11617038.0
1953598276,18461862.0
1954821193,15601315.0
1955490899,1100734.8
1955779485,12085770.0
1955898931,9878594.0
1957001722,6777453.0
1958783411,10589090.0
1958975304,16752088.0
1959174388,12195744.0
1959562653,17034338.0
1959656681,11940117.0
1960821874,18779240.0
1960993069,10985303.0
1961015312,17394292.0
1961054869,13440833.0
1961242037,15334181.0
1961478761,18958656.0
1962871620,11570593.0
1964341024,1255709.5
1964644389,21283370.0
1964692006,19727530.0
1965617534,19943348.0
1965958838,22072028.0
1966128483,22211700.0
1966946877,2645749.5
1967058693,12245532.0
1967517664,879772.7
1967519993,17672926.0
1968247852,10215516.0
1968266635,13293727.0
1968452436,8572964.0
1968548956,11606089.0
1968713287,20441020.0
1968875409,15337716.0
1968971812,5419887.0
1969603655,15169330.0
1971078859,5948001.5
1971246791,7957379.0
1971921824,13726761.0
1972142054,11615774.0
1973374818,13677382.0
1974334562,19415470.0
1974801335,16905234.0
1974954382,20081666.0
1975499650,18997918.0
1976221589,16431308.0
1976318031,17745174.0
1976397923,21928156.0
1976411609,5660372.5
1976874664,16486214.0
1976898008,15983498.0
1977710580,15443971.0
1978175507,1711625.2
1978423282,11249672.0
1978782208,8640665.0
1978937101,14440884.0
1979414645,19552450.0
1979433271,19030852.0
1979650817,16245887.0
1980354448,16659407.0
1980852920,7872070.5
1980987289,23952820.0
1981376709,5413206.0
1981786043,17601072.0
1982000617,14087954.0
1982411840,14333708.0
1982481899,19596372.0
1982713983,321308.88
1982715643,15407967.0
1983225223,19351696.0
1985303186,24975000.0
1985678764,18784154.0
1985693390,16196740.0
198638893,6573300.0
1986575526,18946718.0
198682017,10148620.0
1986989682,18634040.0
1987113732,7838608.0
1987229111,20767040.0
1987249545,7897543.0
198867973,24005772.0
1988880787,14785354.0
1989256535,10026809.0
1989353125,9706203.0
1990182822,20990626.0
1990497735,15133379.0
1990609571,15032449.0
1990820295,14880930.0
1992266152,12708929.0
1993266310,567012.6
1993943486,19138796.0
1994199906,11194198.0
1994642240,18955870.0
1995347945,3043117.5
1995599794,19029826.0
199582827,8459098.0
1997083621,11866518.0
1997323827,20537568.0
1997580295,1328593.4
1997833316,14552503.0
1998334245,12452044.0
1998406927,16480514.0
1998574146,5872428.0
1999069755,8640023.0
1999102785,18837284.0
1999108551,17592210.0
1999394129,17972422.0
2000907542,12032862.0
2001017606,21764582.0
2001460750,24650024.0
200158446,16111212.0
2002669790,23993030.0
2002725107,18359884.0
2003083584,18181058.0
200379470,670585.5
2003893450,17279372.0
2004361641,17148652.0
2004595262,12188647.0
2004651893,7506630.0
2004887431,5752153.0
2004954966,4952409.0
2005353626,15513856.0
2005425916,2518060.8
200552542,12082410.0
2005741062,18648074.0
2005994164,15308801.0
2006751190,15010414.0
2007113614,13047299.0
2007711771,14607719.0
200821018,16095644.0
2008705973,12071693.0
2008784978,9643550.0
2009441891,14668678.0
2010134997,21302564.0
2011752968,8600440.0
2012596362,5874501.5
2013016800,15673442.0
2013881454,19983362.0
2016157485,8936043.0
2016386189,13184907.0
2016414965,17119558.0
2016558091,10266446.0
2016646743,10678966.0
2017959345,14894163.0
2018075399,13220345.0
2018282296,18567908.0
2019811608,16460109.0
2020513924,82179.07
2021536071,9482776.0
2022319185,12138859.0
2022459192,20143546.0
2022788411,9686043.0
2023822472,18404294.0
2024224666,15134005.0
2024244514,15713200.0
2025656749,4927116.5
2025696150,16470744.0
2027287755,5143606.0
2027331652,20710740.0
2027734887,14012525.0
2028882784,1190635.2
2028902471,57062516.0
2029017299,14975628.0
2029088665,14261746.0
2029227684,7739929.5
20299536,5284708.5
2030007913,10198290.0
2030187994,22264462.0
2031010417,19957024.0
2031230651,12121686.0
2031983776,20010420.0
2032023904,8251097.0
2032702391,19658430.0
2032750328,22151580.0
2032937707,16591528.0
2033966709,21718862.0
2035164017,13114084.0
2035757010,29609050.0
2035942736,17174812.0
2036013773,17539906.0
2036127405,13298200.0
2036305444,8364596.0
2036676417,15578934.0
2036796483,16256230.0
2037493679,7546462.5
203851739,18633144.0
2038770854,19240534.0
2038968981,13121218.0
2039291759,1890343.1
204024042,18430520.0
2040453791,9028922.0
204093228,387265.8
2041632201,15923354.0
2041775030,17080378.0
2041930867,20688412.0
204307461,22553040.0
2043659895,29457650.0
2044398089,18188996.0
2044671025,13109696.0
2044757067,19740222.0
2045714087,18317868.0
2045964904,18235328.0
2047074908,21289212.0
2047191062,22346998.0
2047270271,4078433.5
2048021885,18135532.0
2048286171,17547866.0
2048730277,4957896.5
2048913738,13469280.0
2050668718,18300774.0
205084535,21443272.0
2050966683,7616771.5
2051308303,20133716.0
2051518722,6827198.0
2051598941,12635280.0
2051607850,18060240.0
2052139341,17510962.0
2052538731,15076128.0
2052946195,11838101.0
2053110098,15637204.0
2053632090,16523102.0
2053812393,12855627.0
20563182,13968208.0
2056671932,20898700.0
2057052426,15784743.0
2057869390,11254255.0
2058123042,1775663.2
2058169074,8642396.0
2059121348,15063024.0
2060217906,14730968.0
2060547770,19103576.0
206114058,19461086.0
2061228835,16821498.0
2061618436,12128066.0
2062250977,17794804.0
2062988165,18708280.0
2063146040,19653142.0
2063861368,4861989.5
2065079405,14803094.0
2065521590,9984423.0
2065597796,14142807.0
2065653890,13161828.0
2066915886,12732682.0
2068030821,11464508.0
2068848666,10166033.0
2069031822,1533753.8
2069090926,16735127.0
2069307715,14226981.0
2069559649,19980506.0
2070104123,12682943.0
2071148695,19875068.0
2071458107,17623882.0
2071870327,19174004.0
2072921427,10081415.0
2073110408,17802216.0
2073538897,5060742.0
2073971579,18067118.0
2074034074,28966796.0
2074392832,13305249.0
2075525081,18619886.0
207595769,13878052.0
2076133881,19072198.0
2076290808,15559660.0
2076549061,25376792.0
2077216136,18098276.0
2077509445,18239102.0
2077949382,5085190.0
2078036577,16181010.0
2078043176,6563910.0
2078428453,8320610.0
20800206,14420842.0
2080279159,12434387.0
2080997818,15733205.0
2082428029,20574684.0
2082914130,17928950.0
2083322756,11124279.0
2083987400,7192610.0
2084403564,16147522.0
2084710025,16472599.0
2085037926,19410062.0
2085313955,23385582.0
2086986037,5303105.5
2087122112,15685456.0
2087128303,18175760.0
2087137021,12625638.0
2087503629,9249627.0
2087820569,16511788.0
208932047,17225216.0
2089427669,15830596.0
2089933825,20332502.0
2089978295,21107286.0
2090283127,19052624.0
2091187701,21899732.0
2092330285,18667282.0
2093148520,26661228.0
2093163016,20533488.0
2093229209,15337608.0
2093261710,10882842.0
209390995,18060034.0
209395286,4061553.0
2094532002,9498054.0
2094878137,19237322.0
209605935,26639268.0
2096410643,4488296.0
2096934133,21581092.0
2097363955,7253537.0
2097399815,20144920.0
2097946538,21009556.0
2098049448,6995196.0
2098427799,19137296.0
2098480389,12534722.0
209889369,7313087.5
209903743,18460282.0
2099111512,17860272.0
2099188181,14904723.0
2100672087,10295928.0
2102146521,10618216.0
2102336886,20007320.0
2103302405,16435662.0
2103592881,20287134.0
2103795419,3986961.0
2103910969,10578577.0
2104068675,19679932.0
2104667466,20502542.0
2105035561,25093230.0
2105166580,13148327.0
210552520,16639910.0
2105636637,7562275.5
2106131599,16611561.0
210685172,10845640.0
2106914826,18313406.0
2107604690,8162299.0
2108323402,9838625.0
2108839581,14947948.0
2109432804,16990244.0
2109873524,18814054.0
2112104574,105113.06
2112712671,19188252.0
2112746396,20432578.0
2112945760,17175956.0
2113185923,13167331.0
2113344113,6528681.0
2113400099,18750828.0
2113499371,18994334.0
2114226154,4625199.0
2114282803,5604385.5
2115123079,18301614.0
2115485339,17338552.0
2115694605,12488634.0
2117536679,23877286.0
2117869880,23460990.0
2118235342,18554960.0
2118374163,9528011.0
2118470487,20548086.0
211924631,13105955.0
2119734908,20025984.0
2119844876,8756780.0
2119870594,14906320.0
2120208059,20653876.0
2120275547,21093858.0
2120732368,13140264.0
2121286737,16333248.0
2121436684,6328785.0
2122113374,21535034.0
2122203860,12786354.0
2123713653,20776348.0
2124051187,17952916.0
2124411076,18191776.0
2124648555,7706820.0
2125347371,18270632.0
2126797141,7452972.0
2127289872,14151974.0
212785561,10242072.0
2128229102,28419394.0
2128285437,16535838.0
2128778403,19337218.0
2128830140,4566479.5
2129125521,9652635.0
2129284755,12173211.0
2129502665,16013536.0
2129545217,226779.84
2129562725,14377186.0
2129875728,16566890.0
2130327925,14796047.0
2130511603,18531574.0
2130587677,15666782.0
213061410,452317.06
2130827916,18295072.0
213110317,19395534.0
2131632162,7819012.5
2131736781,13745119.0
2131754884,17666076.0
2132603129,8501846.0
2133065499,16009419.0
2133358742,14228735.0
2134491125,17312280.0
2134500951,361429.7
2134667434,5505914.0
2135670166,11969655.0
2136902826,18782774.0
2137958766,17638500.0
2138025511,23893428.0
2138172540,8165650.0
2138795995,14699542.0
2139164953,20809664.0
2139642730,2001743.9
2140183437,17192892.0
2141278333,12468994.0
2141431563,9361105.0
2141440420,19112906.0
2141849100,2091198.1
214212908,16652157.0
2142717124,18153758.0
2142887401,13404449.0
2143419724,12229735.0
2143853751,14675488.0
214459395,17908856.0
2144702563,14774442.0
2144912493,9654384.0
2144964899,11326114.0
2146756668,14256282.0
2147116061,13548034.0
215084015,18434090.0
215827094,15478184.0
216243427,6950722.0
216491360,18008246.0
216887177,18387730.0
217105233,20637228.0
217123235,19589608.0
21719361,18644244.0
217449897,19157572.0
217840681,14872965.0
217879036,18532350.0
220032891,11404532.0
2203910,13889075.0
220400107,11397858.0
220695695,11885127.0
220893709,20637434.0
220913104,15688616.0
221368463,18674440.0
221982579,4433133.5
222060785,2526455.0
222306454,17875228.0
222472066,13100318.0
223241301,15238237.0
223301576,16293844.0
224128981,18585696.0
22423732,22128112.0
224330402,7771807.0
224762240,1146502.5
22505344,18834552.0
225068536,16962126.0
226040799,17506412.0
226960329,18305180.0
22776154,19379044.0
227954890,18176180.0
228342942,17712562.0
228353829,20865436.0
228376287,10703636.0
228550928,12075834.0
228646509,16248826.0
229396475,19673554.0
230592569,15836512.0
230613655,11829026.0
23134859,14897109.0
2315391,10987286.0
232867375,19758542.0
233011478,18506960.0
233175247,18316838.0
23324947,17146444.0
233825937,2138663.0
234117472,18221980.0
23412637,27353720.0
234411602,12476610.0
234531101,18240292.0
234729512,1712720.4
234895771,13366318.0
234974159,11003059.0
235082246,15345507.0
235483384,15725659.0
235497814,21029762.0
235840868,11251279.0
235864010,6626557.0
23611228,18501390.0
236573262,16199797.0
236801440,15326031.0
236967152,16831352.0
237189175,16317440.0
237387316,7785939.5
237608231,18895838.0
238016672,18687062.0
23882918,20844440.0
240793375,19210874.0
2408863,8206932.0
240945407,16937434.0
241071727,14884954.0
241413496,15999288.0
242009939,4513949.0
242192487,20214300.0
242344304,15997947.0
243470829,12643568.0
244093072,16311573.0
244138471,11974974.0
24467319,12036452.0
244948062,18349800.0
244979444,16819596.0
246711603,20067780.0
247784329,19996532.0
249926312,18534626.0
249928975,17996480.0
250077972,15126986.0
250300069,4543330.0
251824409,25713360.0
252523521,17896484.0
252893312,17563462.0
254422575,17424288.0
254960267,16610645.0
255113432,17632098.0
255883146,18905842.0
255961088,693167.4
256731405,21214452.0
256736654,14640614.0
256765043,16820730.0
25711491,14608185.0
258814398,20484284.0
258827863,18897540.0
259349361,13926970.0
259846515,6812690.5
260126980,4888715.5
260570557,13209647.0
261094513,12900802.0
26141819,13324446.0
261573176,1067992.9
262324454,10161031.0
262838505,8428546.0
262917132,17167650.0
263278760,17687038.0
263546562,14365923.0
263859790,12097204.0
265214438,12962449.0
265337500,12129068.0
265526489,3304703.0
265554939,20595306.0
265714807,87352580.0
266335595,17115928.0
266485403,24873080.0
267014689,15135840.0
267743426,9493588.0
268941965,22662492.0
269223097,9453643.0
269624866,8945684.0
269671782,17875624.0
270444899,11552247.0
270781452,20669300.0
272474477,18991272.0
272506822,16827654.0
273038844,15539841.0
273375516,5025821.5
273661214,12867542.0
273908871,27450494.0
274647606,13406817.0
274713689,16914708.0
274776941,18405048.0
274826391,16830258.0
275358298,21882338.0
275618587,165548.27
275739947,17271536.0
275984292,13872466.0
27621672,5572670.0
276265641,15478823.0
276267245,18717346.0
276991251,12760476.0
277199451,14954936.0
277385227,21059268.0
27769346,13895332.0
277861704,13816230.0
278015306,22394466.0
278061079,13148293.0
279382534,21145948.0
279894017,519783.72
280193775,18655312.0
280345016,12275160.0
280707053,16056358.0
281111535,15375023.0
281205785,21612370.0
281243948,16672693.0
281433579,18243718.0
282013529,6481427.0
282541492,13343879.0
283729107,9688394.0
28413620,15406943.0
286172371,21582990.0
286415922,7717633.5
286494201,17799280.0
286601632,19377024.0
287724078,17190076.0
288128790,18985576.0
288944939,11864773.0
289234386,24577348.0
289628352,17833198.0
289697709,19588488.0
290157200,11178012.0
290340906,5242920.0
291111312,18557852.0
291446069,17470956.0
291542588,2214575.5
291612227,12770828.0
291616846,16614648.0
292393964,14036624.0
292863031,21143438.0
293685975,24165586.0
293894974,5532401.0
294414595,17119072.0
294923558,9586044.0
295043967,6994619.5
295724156,19874632.0
296327355,19628394.0
297550742,20337136.0
29808369,11612731.0
298096929,22271794.0
298609604,41114390.0
298652658,24103748.0
299038176,15548469.0
299836298,14284582.0
3007537,3016612.5
301231063,12326252.0
301666308,19343336.0
301977349,13147176.0
303285970,8087264.0
303389997,26516764.0
303874646,17580458.0
304588196,11277987.0
30476840,17170544.0
304854690,11755300.0
305180096,14408126.0
305886798,21007358.0
306421064,8085498.5
307285815,6935766.0
307689319,22483602.0
30847257,17040884.0
308644710,13879324.0
308761228,10080442.0
309547615,15686177.0
309754372,6093901.5
309880772,17975000.0
31119116,2016548.8
311733042,16392755.0
312247963,10346247.0
312327371,14764831.0
312413663,11198886.0
312443112,9501021.0
313472646,17709444.0
313491162,20264060.0
313562829,14248775.0
314766557,16938736.0
315324581,21149246.0
315554490,15988826.0
315807955,16370166.0
316354245,11213087.0
316457207,21223424.0
316601415,14693281.0
316910469,17884472.0
317359464,20780762.0
317810213,18903900.0
317947613,14984440.0
318052881,20167980.0
318604031,18078982.0
319435526,2159438.8
319991976,15759882.0
320084593,18918092.0
320558659,11726682.0
320587419,12311346.0
320957201,17963904.0
321286423,186485.77
321771865,11367754.0
321777364,13773733.0
321973122,20534108.0
322554143,4505261.0
322938780,20135562.0
323842041,13979489.0
323942179,12587916.0
323979270,18712444.0
323992484,16688239.0
324061111,20035116.0
324239335,14651708.0
324303112,18845340.0
32463751,963883.75
325296543,19464172.0
326123474,3215468.0
327774489,18976340.0
328493920,10724694.0
328997536,416761.44
329519424,13842552.0
329685099,24989098.0
329743676,25664464.0
329869159,16463844.0
330250452,12294321.0
330602652,19594562.0
331139547,20012880.0
331454611,12323138.0
331741347,23727984.0
332130372,7622484.5
332468195,16944898.0
332565096,15707073.0
332705576,4533242.0
333634061,19207470.0
334202810,15390650.0
33458659,24043732.0
334815066,31773516.0
334863258,10134696.0
335200296,18236784.0
33548961,6512694.5
335539058,10361876.0
335600897,13884895.0
335774185,20174588.0
335972145,2820486.0
336555884,19873260.0
337181261,20776404.0
338730782,21778412.0
339776778,15829862.0
340085020,14595256.0
341489118,17649098.0
34157657,16363525.0
342144807,20506730.0
342856424,11958807.0
343486461,15787502.0
343506498,5189051.0
343649592,17635118.0
34440633,23200802.0
344926561,15502927.0
345748250,11782991.0
346081225,5298167.0
346208532,27413442.0
346454379,5006764.0
346693929,22454228.0
346695992,16611097.0
34684710,28100672.0
347404314,22104646.0
348525962,17360682.0
348585510,9886998.0
348929335,4115793.8
349115573,18728044.0
349166619,9802654.0
349261050,1290560.0
349276058,16350896.0
349967708,18120276.0
350231097,17777468.0
350576138,16677891.0
350715824,18252944.0
351214678,12845636.0
351226681,15789498.0
351808652,16427888.0
352103509,2370595.2
352245016,11251222.0
352546624,11540110.0
352797040,17287898.0
353149884,18018732.0
353434024,9568588.0
355918102,22872680.0
356409813,9916730.0
3567577,8040331.0
357270099,25873478.0
357935445,18868234.0
360191041,13444029.0
36201396,11548203.0
362281485,12712544.0
362663556,13487740.0
362723541,8033724.0
362944421,12743134.0
363148816,15004892.0
363690026,22928348.0
364057924,11252440.0
364427565,12832023.0
365663806,18178282.0
36579398,24141938.0
36586777,14701655.0
36637286,2060297.9
366672357,17332120.0
366913729,13375187.0
366999300,12183716.0
368165349,18406062.0
368205453,10542383.0
36964980,11630457.0
370342148,17993526.0
37068828,14668484.0
372572496,18994074.0
372572885,17580626.0
373389648,18568448.0
373751754,17377332.0
374003386,13699157.0
374476046,9998992.0
374519418,5858956.0
374744054,15655099.0
375269467,20373106.0
375817573,18212922.0
375866434,7393266.0
376012650,17333518.0
376077674,27627802.0
37623171,217969.66
376259147,20898434.0
37655026,18682422.0
37754737,16899336.0
378272734,14408184.0
378388622,2406029.8
379319711,26852680.0
3798759,13717171.0
380135591,14803718.0
380254855,14291064.0
38030725,10503318.0
38115369,7316901.5
381446562,18927248.0
382475291,4507253.5
38357533,10877619.0
383644444,6204773.5
384021637,17652140.0
384028575,16391196.0
384986113,16957666.0
385456736,12585857.0
385652039,17006702.0
385689772,7820241.0
386521399,17209422.0
386524342,7620397.5
387147144,11843887.0
387543160,27386776.0
388327672,18637572.0
388967266,19829700.0
389045124,8236502.0
389063431,21162260.0
389342276,18108200.0
389376749,15251647.0
389641034,28290702.0
389854000,9821542.0
390086278,17658564.0
390431758,20953690.0
390599621,17240422.0
39060284,10618346.0
391398635,19880504.0
391645929,4033469.8
391993993,17023554.0
392695049,20965496.0
394405600,12138250.0
395493750,21217972.0
395941531,20525900.0
396656373,20555248.0
396930221,18612126.0
397475274,17773060.0
397482434,16607340.0
397579350,19064196.0
398498296,21844162.0
39936901,4835910.0
399915385,11917009.0
400068658,8281656.0
400447023,16857012.0
401389867,16824566.0
401597084,26340708.0
402443173,16359680.0
402841891,23428350.0
40296311,15054394.0
403499732,20879004.0
403693338,19411580.0
403813848,3967420.8
404086291,17163180.0
40458284,8062688.0
405968441,23217584.0
405986904,16237650.0
40611218,17694596.0
406419185,15228931.0
407704492,3213443.5
408159122,6825270.0
40875137,18793460.0
408908892,32449698.0
409181649,16651903.0
410286444,15790794.0
410697391,17768088.0
412307598,2571007.0
412582902,20039622.0
412850648,19125846.0
412882013,17479998.0
412897835,648082.25
413098322,15923916.0
413909098,19003372.0
414725703,22703260.0
41520564,6457577.5
4156040,19984312.0
415819335,18616682.0
416387933,19974782.0
416703868,13874354.0
417046737,17560006.0
417438578,17775764.0
41792954,17033612.0
41862029,2948777.0
419064237,21671444.0
41936682,20026416.0
419757001,22815434.0
419997302,18271532.0
420197540,8300185.0
420608058,15639881.0
420662948,17828074.0
420737348,15715163.0
420797031,16823254.0
421414252,2812875.5
42204591,11889086.0
422469488,19506898.0
422598854,19018774.0
422823608,19381352.0
423111522,8036396.0
423834908,13293160.0
423958480,16812762.0
424084225,24493100.0
424907762,21833008.0
425874089,208146.19
426342427,10501151.0
426515905,20428384.0
426734809,15227123.0
426755371,11427379.0
426759182,16203580.0
427233302,344159.94
427417046,14502317.0
428377508,8923666.0
428449296,13711921.0
428961544,17109836.0
429014193,18072970.0
429876190,810751.5
429922385,18441740.0
430788826,16439512.0
431032607,16235126.0
431246270,17924684.0
432161494,16059154.0
432451034,16898372.0
432604327,13019402.0
432642481,8519554.0
432656055,22122332.0
43266024,6139612.5
432852017,11203546.0
433294823,13109646.0
433726992,17683812.0
434814620,16782056.0
435280771,25737586.0
43542232,17437880.0
435601171,19942478.0
435625792,15649425.0
436194213,13073520.0
437787621,12427486.0
437879623,25552888.0
438037271,16964858.0
438510669,19100920.0
438855463,9095455.0
43945260,18438600.0
43954650,15793438.0
439649548,12379068.0
439840467,9337399.0
440200801,13863742.0
440277079,14851983.0
440622206,8573134.0
440954937,14793775.0
441554153,18864170.0
441985247,19775914.0
442262804,2446318.5
442566919,19440760.0
442785874,19868474.0
442897603,5450734.5
443271898,8569654.0
443729995,6473719.0
443801956,19025772.0
44433671,16373298.0
445030922,7269611.0
445201757,9983878.0
445697187,21034446.0
446325916,16245396.0
446460497,16247136.0
446829845,30616376.0
448582481,17368240.0
448717759,8906323.0
449337949,5581878.0
451389400,17447048.0
452872753,13729392.0
452952518,17121026.0
453062780,20079486.0
453279973,10541879.0
454111718,13619668.0
455169519,15584969.0
45549549,18375798.0
455763395,17886980.0
456111247,17622846.0
456530071,20936174.0
456760512,19499584.0
456824286,17253398.0
457158232,16737577.0
457367055,16921810.0
458107283,4434466.5
458245368,18541256.0
458424899,19625794.0
459168625,10017451.0
459297264,14845711.0
459658475,9419027.0
459754479,23788038.0
460246568,17635296.0
460662227,12097347.0
461189195,18187214.0
461654171,8744998.0
46207624,18473602.0
462147439,15388817.0
462215391,15794670.0
462370928,15432865.0
463095681,19800154.0
463951514,13454196.0
464120498,28120380.0
464221746,2152019.0
464739221,14851255.0
465855968,19721586.0
466609082,16496326.0
467241432,14481725.0
467395592,16718066.0
4678581,26355472.0
4681142,5401146.0
468969902,375472.3
470147329,11746315.0
471089356,2810925.8
471141794,25110488.0
4715803,6701819.5
471640086,12399245.0
471819218,18200598.0
472000372,19944340.0
472001347,13930223.0
473253715,14207300.0
47395179,13566398.0
474717176,19178236.0
475951494,24203628.0
476130416,18039460.0
476418030,15297608.0
477514992,17730010.0
478406019,17707556.0
478693808,17046232.0
478819393,8589932.0
478877885,18817500.0
479589429,10233694.0
479924720,20920088.0
47997762,18145544.0
481161756,5434041.0
48241893,18748254.0
482610902,26025744.0
482835279,25892794.0
483544606,9391258.0
483673275,17032456.0
484087591,21238164.0
484209395,8551127.0
484959821,2989630.5
486320003,22124374.0
486521571,17196728.0
486582715,13063742.0
486870854,15427428.0
487089895,5158038.0
487738102,20799782.0
487872948,16182203.0
488216985,15144304.0
488543588,14112926.0
488745954,13057627.0
488957317,11285357.0
489905928,17340708.0
490232104,11698698.0
49077527,20029010.0
491051634,3820053.2
491383272,11996374.0
492124435,15083848.0
492503761,15004271.0
493266452,17706392.0
493626101,17463610.0
493998349,21267220.0
494013095,10036924.0
494508342,20762004.0
496852320,22423318.0
497129673,3378586.2
497424077,11893366.0
497484784,285238.38
497525599,17123386.0
49764607,9188351.0
497759905,5590289.5
498224359,20894114.0
498658860,6034068.5
498752802,14533312.0
498982970,12905342.0
49898387,15142424.0
499839899,15408014.0
500109209,16349624.0
500619261,15724204.0
501063862,14784794.0
501669783,6383502.0
501996632,17910434.0
502042494,17504568.0
502089322,12309416.0
503302360,19210988.0
503477526,19115562.0
503678585,21029510.0
50414982,18214732.0
504867793,12633920.0
505481041,17222036.0
505679993,9809376.0
505902531,17875606.0
50626604,12752564.0
50639097,15140464.0
506599132,7150187.0
506602503,12421336.0
506634508,2880406.5
50675721,10147951.0
508514016,19894400.0
509054084,6729958.0
510005530,18206500.0
510037710,16102227.0
51014357,19315924.0
510516685,4491586.0
510713059,18843592.0
510866380,11921853.0
511478043,15886874.0
511821311,17077114.0
512063460,26033614.0
512130119,10186578.0
51236360,19904274.0
512972530,2797951.8
513430740,20813268.0
513780549,16934320.0
513902355,5609729.5
514456478,7630485.0
514526218,14950172.0
514626847,13446060.0
515406513,23635886.0
515532915,16261682.0
51662332,6222725.5
516673184,21920152.0
516756127,5850518.5
516982827,14180527.0
517152876,15287816.0
517401228,10573235.0
517730920,21502824.0
517805032,12143533.0
51802709,14018299.0
518415586,8860415.0
518535970,14124724.0
518723472,9430936.0
519167897,10343201.0
520592304,14963932.0
520976342,12714249.0
522226172,18515502.0
522488664,16860824.0
522902852,21961742.0
522977276,10380213.0
523381875,6251267.0
523408374,8257858.0
523525047,22929980.0
523659898,15260990.0
523714450,10807783.0
524129027,9942182.0
524200811,16176372.0
524275101,6063226.0
525293176,20761420.0
52592172,15499247.0
528330142,15917136.0
529973044,16571400.0
530078100,16690604.0
530272697,9228765.0
530592602,14104879.0
530798243,10360801.0
531332228,20856444.0
531629727,11372848.0
53165419,19728020.0
533458227,14941115.0
534163204,19754944.0
534535511,11798468.0
53465103,9913914.0
536218024,15554224.0
536690992,21077942.0
536929568,11587397.0
538265610,11083214.0
53852878,8133726.5
539787189,14339857.0
539838991,17731810.0
540365975,29695370.0
540496741,12967150.0
541784221,16644888.0
542877441,15970768.0
543457548,15241179.0
543483467,17802512.0
543698613,16427269.0
543768731,161339.25
544179635,3155229.0
544333987,8089733.5
544483277,14432092.0
544605831,20638578.0
544632513,13383915.0
545287552,17863698.0
545684505,11406504.0
545971139,21201858.0
546046005,9280984.0
546068218,14872767.0
546706268,7908206.5
546880788,7046169.5
547276064,14695230.0
547282680,17383430.0
547501126,10042838.0
547906935,17161044.0
548045535,9704074.0
54815674,18352280.0
548744869,16574150.0
548793982,16141224.0
548838453,17949214.0
549315774,7678172.5
549403103,21158148.0
549652957,13109662.0
55019205,17420208.0
55019273,8955025.0
550495054,19598046.0
550744346,21137152.0
551360293,16294406.0
551466129,8971504.0
551902988,21579648.0
552347392,18171912.0
552560301,14005850.0
553100734,20980976.0
553354303,7854783.5
553471497,10924975.0
553671574,15621433.0
553824008,8744253.0
554163653,17316808.0
554459553,27936190.0
554653211,15699222.0
554661866,18269324.0
554860159,9116394.0
554931341,19092972.0
555157400,19623354.0
55588063,16768979.0
556229794,5594731.5
556473951,204883800.0
556524338,11064877.0
556883737,18534878.0
556987550,12572199.0
557603051,16868346.0
557650305,21188174.0
557911268,473914.34
558686376,21113878.0
559665878,9714172.0
56084141,10980745.0
562203442,17350598.0
562418707,12299481.0
562947494,17481538.0
563673583,8654289.0
564092589,16809630.0
564107532,5471359.5
564131578,7334850.5
56427214,14414889.0
565051023,14021975.0
566389444,4177373.5
566417741,18643334.0
566436879,6227777.0
566778083,17351914.0
567053540,14604450.0
567142088,206960.47
56764818,20193254.0
56766771,16913414.0
56775472,16318483.0
567868974,5310027.5
569685213,14967962.0
569815778,833463.1
570820154,17600878.0
571834256,7367446.5
572311920,13317709.0
572355332,12337077.0
573510041,25645940.0
573555059,15518742.0
573845877,12523542.0
573908180,17583970.0
574004096,22987172.0
574168104,19260602.0
574210504,16759604.0
574427229,18021324.0
574825022,18803472.0
574932654,20496166.0
575115873,12960162.0
575653367,16440800.0
576176107,13656918.0
577108378,10977821.0
577458725,17565640.0
577671293,17360350.0
577760804,17092150.0
57837937,10618044.0
578822373,18285676.0
578887397,6061034.0
578908805,29946130.0
578942981,5232600.0
580521026,13889432.0
582237775,17163708.0
582984940,21992030.0
58325440,15333104.0
58360843,7665124.0
583804134,8499159.0
584172188,16270131.0
5845522,17225548.0
584681455,21368210.0
584730069,5323179.0
584811769,2679380.0
585000782,9335964.0
58542575,18317768.0
585631329,16579501.0
585632599,5188029.0
585794453,19256698.0
586623109,9250349.0
587942731,18685666.0
589267026,16546590.0
589599653,14701303.0
590127879,19936464.0
59115085,18903110.0
591351810,12957896.0
591724983,20115408.0
591748234,13898763.0
593905769,12346462.0
595300301,18463038.0
595515594,21109894.0
595878150,13562258.0
595948357,12656840.0
596148775,11824556.0
596188072,17121440.0
596712964,10000053.0
596902566,5144078.5
597680020,4753463.0
59899304,7950963.0
599282805,16523600.0
599800605,7611206.0
599844877,14451449.0
600302051,11930434.0
601681799,2377538.8
601783392,35282184.0
602420459,18758614.0
602717089,11795353.0
602991398,16900756.0
603615608,3482791.0
604033615,21599250.0
605820681,15271689.0
606531577,17299324.0
606897760,10504472.0
60696335,8483302.0
607384816,16360562.0
607858573,20973734.0
608124556,262083.72
608724954,18585732.0
608751541,22324180.0
608829475,3904935.5
609026192,13996595.0
609044356,19761868.0
609214480,10633230.0
609563906,19209638.0
610641619,250904.81
610989758,19017942.0
611239718,8460852.0
612314224,20183038.0
612593600,10510517.0
613241822,14847284.0
613508749,18292280.0
613752110,10793852.0
614316191,4844893.0
614616814,550245.5
615206046,17137672.0
615301903,16896632.0
615355771,1913313.8
615547995,19368116.0
615633777,19420340.0
616723468,14160114.0
617652607,5829641.5
617923095,24788606.0
618661926,9611946.0
619122060,12339888.0
619556777,19053032.0
619870461,16717860.0
62025312,6519802.5
620552705,14475530.0
620920171,19026902.0
621121127,11964319.0
62150658,16483472.0
622215273,1821099.8
62249330,19207056.0
622534980,20198856.0
622762972,21785360.0
622931594,15654718.0
623111625,9491518.0
623652126,17733936.0
624087859,15536774.0
624353796,16337010.0
62449470,7025895.0
625189874,20805780.0
625969174,15836216.0
626368590,4551254.5
6264706,8846865.0
62649624,18987712.0
626625043,14414247.0
62680332,8417080.0
627181848,14592779.0
627257095,6929669.0
627565310,12011262.0
627700336,18670460.0
628454490,17826850.0
628595308,9363977.0
629087579,31250708.0
629392637,11004449.0
629603561,16636242.0
629712358,17736766.0
630155463,14713189.0
630365265,16788432.0
630603397,11873980.0
630735577,13804461.0
630770738,17442082.0
630924783,20772072.0
631558003,10061983.0
631674627,12891256.0
632722753,20310076.0
633082676,13707376.0
633481803,286250000.0
633631994,17046246.0
633784100,22139636.0
634523826,14573997.0
635521882,17094344.0
635528537,18520318.0
63625893,6198818.0
636475356,16438397.0
636553487,10517614.0
636930408,19152338.0
63713889,17191696.0
637521781,15127071.0
637628564,27598478.0
638038695,11361611.0
638074752,939680.3
638139304,16856404.0
639591303,268632.56
640694638,20312272.0
64078325,8560884.0
641814576,28288440.0
642130489,12818192.0
64239667,20739022.0
642484761,19472892.0
643786076,9361434.0
645040161,17835254.0
645087638,6694490.0
645328235,21048470.0
645444373,24721244.0
645671888,7472657.0
645838636,12988580.0
645908571,22724514.0
646558712,18299226.0
64688467,20891762.0
647024555,19441606.0
647125580,9817120.0
64718208,14499935.0
647817778,18974058.0
647855417,11070958.0
648116109,4880076.0
648918009,18711250.0
649050287,17540274.0
649359794,4312379.0
649890237,22147834.0
650343092,5901998.0
650538604,13570492.0
650575577,20935748.0
652057453,19495956.0
652565763,16531267.0
652628649,13976800.0
652851832,7810192.0
653042301,17322946.0
654182047,15179181.0
654343877,2954784.5
654641645,19741310.0
654661122,15165644.0
654754244,15824177.0
654861205,18515592.0
655588446,13610110.0
656090846,11086065.0
656151121,6309331.0
656802324,12099595.0
657647407,22807664.0
657962665,13557917.0
658287641,3952679.0
658418373,20699678.0
658732421,1133260.9
659908215,17721650.0
659974298,20673940.0
660469822,4780034.5
661609404,9562373.0
662470811,12389556.0
662564439,15576131.0
663008510,19173296.0
663119991,15778939.0
663386022,6685553.0
663896230,17055576.0
663953997,21694634.0
664150852,16850530.0
665110856,12187239.0
665191803,13576472.0
66540021,419017.94
666003173,15941276.0
666071145,11131828.0
666560196,22040784.0
667329580,13863513.0
667807861,12735836.0
667896452,6107612.0
668002212,17076640.0
668282209,9419135.0
668710324,13340370.0
669244038,9757524.0
669255765,13711900.0
670451944,16575713.0
670924965,18198834.0
670969173,14860043.0
671457789,13756513.0
67196281,19156924.0
672023531,13259118.0
672124057,10493304.0
673681161,20529710.0
673841258,19458076.0
674223398,4944484.5
675716636,8512801.0
676142711,12498329.0
676332356,12725269.0
676850952,20739954.0
677651207,16332335.0
677885113,17606840.0
679397320,15005341.0
679554844,4496717.5
680542659,8293148.0
681152428,10966196.0
681200816,18654704.0
681324940,1380993.5
681511767,17311312.0
682683076,18412776.0
683424785,12194613.0
683551593,13706018.0
683768234,6748399.0
683879344,8938510.0
683989852,27145668.0
684010120,6388227.0
684020600,8877598.0
684469652,20852490.0
684712590,513310.16
684803248,19799022.0
68507484,19580896.0
685113838,9813823.0
685291199,6424181.0
685305515,12163684.0
685365013,20806184.0
685792884,17765406.0
686556182,369637.0
686802498,5514695.5
686840603,8198166.5
687472966,8066093.0
687964863,14688713.0
688177785,5802990.0
688371201,16626954.0
689039573,18877756.0
689570995,10401548.0
690163261,9782135.0
690465699,15936199.0
690611196,3809750.0
690788144,19075366.0
691454351,9375946.0
691956587,12917143.0
692031456,7307028.5
692055083,5584328.0
692437917,21045872.0
692475879,18287872.0
692818572,15869267.0
69340475,20552048.0
695985603,19768764.0
696048028,16504682.0
696878760,13119113.0
697051886,5107977.0
69758142,14964056.0
698018079,4694661.0
698221446,14458941.0
698539075,17467462.0
698710925,6630754.5
69930205,17140482.0
69983594,15549718.0
700130351,13740074.0
700498343,15515347.0
700953960,18188456.0
701732286,11855950.0
701867640,10469376.0
701977902,22757962.0
702792843,20369848.0
704203472,12863561.0
70454644,17740880.0
704612545,18450516.0
704851249,23246292.0
704948028,19713230.0
705850276,4428018.0
70586576,18455178.0
706971403,19839792.0
707012477,591704.94
707321092,21930456.0
707967979,18430720.0
708384139,15286422.0
708425371,17403752.0
709856184,18097588.0
709926665,11745303.0
710964913,5371718.0
711484554,17871540.0
711758346,1593508.5
71197390,18357610.0
712621244,16096962.0
712931491,12725794.0
713037828,19073022.0
714014061,10819804.0
714218237,20423590.0
714228398,3393460.0
714397715,17865708.0
714616022,8357145.0
714760495,19239298.0
715086740,12179344.0
715420249,5045161.5
715591111,14697760.0
715655400,12249466.0
716158796,18090522.0
716259753,19933572.0
717552117,7910938.0
718387907,12097646.0
719635672,19099950.0
719728645,15615583.0
720150100,7692399.5
720184293,20549290.0
720873116,16189953.0
721288359,18669886.0
721851220,20950996.0
722341479,17003268.0
722489973,19861210.0
722660830,16300351.0
723248368,17872974.0
723987532,13819339.0
724012214,19889248.0
724035983,21388274.0
724278076,19867170.0
724696480,1367591.2
724750596,14338740.0
72475532,20273082.0
724991886,17348068.0
72552013,17235732.0
726822977,20197754.0
726824600,1590732.5
726943670,23072688.0
727060279,5092146.5
727331270,16758276.0
72772798,11592557.0
728175955,12706009.0
728264963,9165670.0
728516110,19772536.0
728533186,11280971.0
728624770,7348050.0
730145244,15059422.0
730534922,43971184.0
730785442,22903046.0
730798238,8293930.5
731792366,17940100.0
732183753,18542266.0
732279526,15802892.0
732966999,14063852.0
733406971,4699951.0
733432976,17411032.0
733592106,16038665.0
733612060,6337644.0
733747579,15328642.0
733964800,26787710.0
734576042,15517902.0
735446843,18967332.0
735643668,20254528.0
736340254,13124480.0
737499853,10932660.0
737634444,10775363.0
737865157,15765203.0
737911371,2796896.5
738420035,10884409.0
738541210,6399305.0
738828742,29153370.0
738831382,8136107.5
738981862,20440576.0
739032019,6712637.0
739056634,18633976.0
739152196,9345330.0
739166321,2801123.5
739177337,21311546.0
739433136,12999020.0
739921517,19953184.0
740159625,8136778.0
740333059,10508344.0
740873186,15152324.0
74205498,10733956.0
742112668,9063286.0
743212389,14104966.0
743750398,17017832.0
743780663,19664890.0
743967179,18585116.0
744248278,12503711.0
744429124,144571.69
74446418,15935362.0
744672527,19531240.0
745584428,17100900.0
745833075,18868446.0
746463163,12638674.0
746610732,19001896.0
746709172,16849978.0
746808252,7204252.0
747006133,19129240.0
747151025,6572709.5
748317851,8113158.5
749864100,14750746.0
750436950,18380030.0
75096270,20164474.0
751220642,26128712.0
751564815,16451620.0
751660661,6744920.0
753167235,4574792.0
753479292,11828130.0
75464333,7424495.0
754671748,13181889.0
755399254,18530156.0
757210736,17300788.0
757229442,14685134.0
757249530,2833825.5
758998850,16274981.0
759238783,16256308.0
75963900,5737770.5
760818742,16458816.0
761245986,19538232.0
762057975,9431980.0
762138217,16801194.0
762441093,19207134.0
762469354,16821830.0
76248049,11040796.0
762501976,11183930.0
762802287,1631521.8
763399656,19346552.0
763412178,12485626.0
764592471,8081855.5
765116390,16651918.0
765173266,6489548.0
765224352,17614250.0
765388699,5903854.5
765687413,12227115.0
766124910,30967942.0
766202079,23154072.0
766337533,20252902.0
766739031,19719436.0
767529410,12942539.0
767647284,15354307.0
768744818,18308672.0
769004776,20369952.0
769353991,17226978.0
769421932,9253479.0
769716639,17718184.0
76993562,1028191.1
769998386,18116172.0
770206605,17547784.0
770234713,15284830.0
770323981,4618185.5
770677681,12887923.0
770729323,6253111.0
771072361,7571648.0
771136745,13480526.0
771430463,9012954.0
772100527,18282332.0
772270326,7070476.0
772722335,15221360.0
773069438,11991411.0
773264874,17074360.0
773697018,12784151.0
775397964,21214570.0
77595713,19863000.0
776266493,18747126.0
776350546,5808914.5
777658980,1956561.0
77798017,10829510.0
77854924,28839264.0
779616322,2225739.2
779657796,7697320.0
780886026,23831822.0
782147700,14668066.0
782265140,13567647.0
782387760,5653144.0
782520545,14354590.0
782828747,17315268.0
782907536,21665542.0
783881111,17388560.0
784075537,14941531.0
784274474,14480780.0
784363033,17734556.0
784562384,7721351.5
785130595,19752888.0
785495361,7082180.0
786352679,13913090.0
786584481,5483219.5
786626858,17787298.0
78691384,17548530.0
786985123,17313200.0
786987780,21742198.0
7873707,7579710.0
787991914,21127840.0
788425745,18814874.0
788570512,17536700.0
788841127,20718966.0
788996498,18875408.0
789035510,2968790.0
789231829,20184672.0
789418909,9783720.0
789491002,20309524.0
789558666,11712547.0
789985701,12592584.0
790080592,22031698.0
790154837,17986362.0
790990371,10972522.0
791154774,18678200.0
791294581,17652748.0
791309697,3687221.0
792226008,11607224.0
79229424,16236940.0
792358249,20205490.0
792431423,15982027.0
792482742,16145029.0
793266230,20502606.0
793689486,15548037.0
794549235,10057915.0
795021119,4953098.5
795060635,16879810.0
795173140,20500908.0
795714457,13389128.0
795720720,18358144.0
795919811,24449702.0
796327850,7001266.5
796691823,18240138.0
7974921,4872315.5
797565206,9816568.0
797705280,15171825.0
79788076,19898306.0
798471705,18915220.0
798788267,23543976.0
799724217,9550293.0
800033622,9753401.0
800146175,212819.73
800663307,14833081.0
80128958,18174400.0
80182473,14507222.0
802013794,17607408.0
802516447,19041222.0
803075067,19801430.0
803248171,15558373.0
803313602,19367860.0
803452652,13604938.0
803565075,12452599.0
803684433,14649362.0
803694340,12221194.0
804423051,5247573.5
804510450,16224571.0
804726806,14797422.0
804757084,10388042.0
804816280,15396352.0
80520828,9681220.0
805800861,15405486.0
806115854,17941470.0
806195511,10310477.0
806952878,12628296.0
80878937,9632139.0
809229362,12568518.0
809794116,18016138.0
810606105,16256343.0
81077420,15394880.0
811936110,8556579.0
812431634,13609530.0
812504494,11356868.0
813456354,17656498.0
813770110,26049450.0
814532752,18475836.0
816469330,21107962.0
817368728,13767582.0
817419663,11045886.0
818745135,15560584.0
81919033,19429056.0
82002379,15552453.0
820556746,217389.62
82083822,8745666.0
821432920,21656620.0
823304341,17312646.0
82393996,8544554.0
824171365,15128703.0
825473294,11675437.0
825599858,12247210.0
82598279,22116184.0
826404997,20460492.0
826873394,21490336.0
826960749,14810473.0
827256751,7320505.0
82780278,24953090.0
828055854,8023556.5
828410838,19127118.0
829021178,12554877.0
829203170,17581416.0
829242110,4065835.0
829372910,18168636.0
830225602,22737316.0
830585035,25935680.0
830766852,13552072.0
831197278,13349171.0
831582761,4412242.0
831662462,11325754.0
831790523,16536716.0
832114783,16058503.0
832200317,13919048.0
832898657,19366272.0
832906312,4079023.5
832911243,45945740.0
833277203,8916279.0
833533222,15613273.0
833566638,20325138.0
833791466,19206228.0
834080153,9468702.0
835761629,11902395.0
836037627,14157749.0
836120132,6594417.5
83637460,26317412.0
836695247,12939357.0
837714708,14581480.0
837799456,23049532.0
838534055,16003838.0
838665652,11646025.0
839159048,20249240.0
839379496,12740505.0
839626541,8334648.0
840111436,15226197.0
840597788,17265688.0
840893892,19516394.0
841139927,73376670.0
841404878,9818445.0
841601279,26308560.0
841881642,15599284.0
841977836,10884095.0
842068125,3441509.5
842952211,18615816.0
843087972,23594572.0
843609477,13578045.0
843661980,11119244.0
845745237,7134350.0
845771247,7954043.5
846589870,16552213.0
846744181,18990784.0
847443692,11852682.0
848095710,21705650.0
848387591,14257949.0
849013877,17440254.0
84914004,9276481.0
849612848,20569598.0
850248956,16578505.0
850332425,19328888.0
850397684,17812636.0
850487530,2966801.5
851112541,20228870.0
851449262,489535.84
852811658,19080308.0
852999346,2888510.5
853074699,17791284.0
853135326,50495510.0
853592921,18156752.0
853693902,18658300.0
854148244,21757780.0
854805424,17953288.0
855376433,19950176.0
85572606,13013838.0
855797438,29773988.0
856432538,13934700.0
856548783,16898118.0
858346123,18926266.0
858369576,13755337.0
85896253,6312122.0
858996605,17349974.0
859056629,19904504.0
860153809,16028473.0
860288,14800068.0
860384929,5750758.0
861038294,21205792.0
861733112,16757527.0
861774531,14255561.0
86227930,3632404.5
862650959,16353284.0
862803892,3400184.8
862820025,15402812.0
863759909,19091400.0
864108688,13819126.0
86469776,19316316.0
865103237,6551315.0
865105594,19499698.0
865454576,15938983.0
866152378,7683944.5
86715791,10431960.0
867348527,3627459.5
867963258,21945494.0
868098168,19661318.0
86876337,15860258.0
868971202,12172337.0
869012352,18618868.0
869834621,16325066.0
871041901,15900451.0
87150975,12440552.0
871669460,23363956.0
871806722,222691.28
872010061,20182918.0
872439550,16470290.0
872670757,19050176.0
873475199,17522760.0
873833771,5970423.5
874026157,10697848.0
874290922,11186737.0
874843071,18716968.0
875009741,11217462.0
875149448,2368917.5
87667667,19620594.0
876859747,8847208.0
877657218,21132574.0
878567731,17067866.0
879018791,16124160.0
879206669,9421420.0
879769410,7253421.0
879890546,10938545.0
880035963,16390791.0
88044166,17375586.0
880732047,22202544.0
881688715,18168424.0
882513839,13681750.0
883117492,15759125.0
883647784,11245578.0
884063619,19022318.0
885485944,19359832.0
886269961,6686977.0
886429485,13842382.0
887141332,27429084.0
887196696,16345969.0
887534478,13258361.0
887950088,19537452.0
888038952,18016754.0
888160053,6399185.0
888261646,9855557.0
888587347,13167602.0
888807075,19630688.0
889325006,17694118.0
8898882,16956328.0
89137752,15270148.0
892360563,4496225.0
892510845,17813836.0
892611192,27357820.0
893068464,15490733.0
893832586,17286038.0
89401161,19102038.0
894222453,17311690.0
894451685,14316542.0
894546161,18938548.0
894657888,10861561.0
894894205,16981344.0
895097268,6433047.5
895223493,14369516.0
895330083,17887668.0
895873357,17984316.0
896964180,17212514.0
897209255,12057041.0
897392908,20877638.0
898658420,11064476.0
898737455,19859914.0
898958179,20051502.0
899236930,10443450.0
900589615,18205346.0
901530176,19022912.0
902806546,12517865.0
903980536,18352048.0
903995114,6834062.0
904100228,10449500.0
904171255,23082948.0
904186687,22929528.0
904364008,15713155.0
90519942,8465692.0
905552224,8058754.0
905796118,15581148.0
907406308,18293032.0
907551613,21298880.0
907590804,18826902.0
907622973,2540197.5
907638397,11174493.0
908386394,19838666.0
908891261,18402810.0
909234048,9471645.0
909329074,11189601.0
909523960,2404104.8
909558361,17605040.0
909893398,20244202.0
910761862,16296910.0
910991764,3600974.2
911096051,17163784.0
911674118,7031936.5
912022606,15322177.0
912650492,17915770.0
913422950,6099042.5
914253765,19511884.0
914332630,17677856.0
915222064,12434433.0
916318522,18398318.0
916486479,10442874.0
9165248,14464709.0
916642023,10856706.0
916716032,27590664.0
917809446,4050915.0
91840882,7135761.0
918796208,19471104.0
919097664,7001286.5
919268766,17282056.0
919286913,10487895.0
919396024,16273261.0
920228282,11855151.0
920981063,19389596.0
92101527,7318547.5
921049132,18403298.0
921110033,20824864.0
921604428,11019051.0
92161345,17906778.0
921680490,22147202.0
922141654,5362321.5
922470018,15553000.0
922559540,17057116.0
923552496,17942826.0
924864353,11845418.0
924930242,13311905.0
925284393,9776286.0
925330007,18235770.0
9257549,18072896.0
92595112,14473091.0
926132572,20140326.0
927335779,18644942.0
928108227,19571370.0
928575366,18800434.0
929039412,9891737.0
929146984,13370068.0
929460995,14938128.0
929686027,13549843.0
92969561,7514006.0
930407677,9008454.0
931169027,3540328.2
93130501,15161209.0
931996112,17109196.0
932111221,13397694.0
932220519,16441487.0
932704587,9985396.0
933014297,1699597.2
933447260,17825488.0
933459350,5928484.0
934253327,44319548.0
934683322,16143148.0
935317037,19277102.0
935633255,13930040.0
935947562,15709353.0
935979331,23816158.0
936112261,13356615.0
936156342,7524867.5
93645337,17500376.0
936606331,16048528.0
937159886,19183096.0
937339161,4872534.5
938314546,10157312.0
938703974,6187759.5
938790217,20485310.0
938925165,31885332.0
939059785,16684095.0
939271591,15996280.0
939371377,23182856.0
939884834,20560828.0
941679734,18282028.0
941881769,7694407.0
941956643,9128120.0
942573033,21356578.0
943146683,14946636.0
94316167,14876999.0
943211267,10749748.0
944197169,15338108.0
945792830,12982218.0
94610879,13041406.0
946277816,17895698.0
946870404,19582492.0
947537520,17197082.0
948018719,16643914.0
948098907,15653419.0
949824611,16587876.0
949966037,15779482.0
950058375,17628022.0
950555280,7336489.0
950943018,23774742.0
951055471,17588620.0
951925053,17408000.0
951925169,14329641.0
952853969,18721558.0
952890580,17345978.0
953184598,38864636.0
954107373,18792424.0
954192065,22883184.0
954642155,15609649.0
954693127,18597868.0
954980699,12157202.0
955142815,15550506.0
955629874,16709317.0
955783283,270323.0
956090756,13210206.0
956150342,13907065.0
956399703,17142250.0
956485344,19814552.0
956740065,18213686.0
957159587,18056932.0
957392789,13589297.0
957895748,17729404.0
958645405,351180.0
958742619,7865733.5
958884312,12127392.0
959362719,11833183.0
959540478,35148464.0
959565650,182036.66
961444972,10611153.0
961467028,8421036.0
962930883,14421523.0
96326337,20610098.0
963700576,19270892.0
963879097,7115940.5
964743728,18361756.0
965465651,12787415.0
965477863,20187288.0
96603778,22818284.0
966319983,15582473.0
967143426,13229605.0
967209543,14817963.0
967707155,19287324.0
968166472,14430918.0
968459472,16995962.0
96932117,16640988.0
970349147,596160100.0
970365099,18410632.0
971384298,17351676.0
971806068,17545676.0
972026793,22790974.0
972612114,18672652.0
972707061,18558772.0
972862949,15809100.0
972880937,6986688.0
974071693,19461412.0
974803775,19070814.0
975227813,16060754.0
97549718,23228954.0
975765676,19997314.0
976096225,19436106.0
977019835,8453297.0
977069879,20555882.0
978068035,16255755.0
97827749,19168456.0
979002486,21562308.0
979909839,15199177.0
980327411,15296593.0
980434852,5744260.5
980673729,20889642.0
980720229,21534452.0
981231524,7500682.0
982502730,15209277.0
983288274,14650928.0
983938571,19721782.0
984514246,17275796.0
984566771,8227875.0
984750747,11328695.0
984887289,13875026.0
985538416,16990414.0
985937437,11098321.0
986016887,19209226.0
987007987,18709906.0
98762415,24077660.0
989089141,11618354.0
989199033,8520760.0
989224901,16853214.0
989371228,14850988.0
989967752,11280160.0
990500059,7323424.0
990683783,14167620.0
991269912,13340043.0
991366096,13784997.0
991653568,7616752.0
991785030,16494900.0
992399759,17776996.0
99245495,16467544.0
992606804,12582599.0
993635540,24253506.0
993854483,13102705.0
994270189,12354639.0
994432064,16716802.0
995198002,17074104.0
995552581,19444358.0
996465465,7845409.0
996644458,19326324.0
996704281,703478.94
997630809,16026470.0
998072137,17381132.0
998136924,18974932.0
99975682,15211397.0
